,광역시도,시도,구분,인구수,20 - 24세,25 - 29세,30 - 34세,35 - 39세,65 - 69세,70 - 74세,75 - 79세,80 - 84세,85 - 89세,90 - 94세,95 - 99세,100+,20-39세,65세이상
1,,,남자,25827594.0,1877127.0,1682988.0,1806754,2045265.0,1072395.0,806680.0,600607,319391.0,113221.0,32695.0,7658,4137.0,7412134.0,2956784.0
2,,,여자,25868622.0,1663934.0,1534379.0,1711114,1971007.0,1164950.0,974549.0,857283,589739.0,302943.0,108793.0,27186,13425.0,6880434.0,4038868.0
4,,,남자,4876789.0,347534.0,372249.0,402358,410076.0,211568.0,163766.0,112076,54033.0,19595.0,6146.0,1900,1406.0,1532217.0,570490.0
5,,,여자,5053827.0,343194.0,379724.0,401149,407391.0,237388.0,186814.0,139885,87616.0,46472.0,18007.0,5158,4069.0,1531458.0,725409.0
6,,종로구,합계,152737.0,11379.0,11891.0,10684,10379.0,7411.0,6636.0,5263,3104.0,1480.0,602.0,234,220.0,44333.0,24950.0
7,,,남자,75201.0,5620.0,6181.0,5387,5034.0,3411.0,3009.0,2311,1289.0,506.0,207.0,89,73.0,22222.0,10895.0
8,,,여자,77536.0,5759.0,5710.0,5297,5345.0,4000.0,3627.0,2952,1815.0,974.0,395.0,145,147.0,22111.0,14055.0
9,,중구,합계,125249.0,8216.0,9529.0,10332,10107.0,6399.0,5313.0,4127,2502.0,1260.0,469.0,158,160.0,38184.0,20388.0
10,,,남자,62204.0,4142.0,4792.0,5192,5221.0,3113.0,2405.0,1752,929.0,414.0,132.0,56,51.0,19347.0,8852.0
11,,,여자,63045.0,4074.0,4737.0,5140,4886.0,3286.0,2908.0,2375,1573.0,846.0,337.0,102,109.0,18837.0,11536.0
12,,용산구,합계,230241.0,14317.0,16972.0,19032,19127.0,10675.0,9093.0,7477,4553.0,2254.0,916.0,264,315.0,69448.0,35547.0
13,,,남자,111601.0,6937.0,8373.0,9455,9434.0,4834.0,3975.0,3094,1739.0,750.0,284.0,102,88.0,34199.0,14866.0
14,,,여자,118640.0,7380.0,8599.0,9577,9693.0,5841.0,5118.0,4383,2814.0,1504.0,632.0,162,227.0,35249.0,20681.0
15,,성동구,합계,299259.0,20813.0,23383.0,25507,25979.0,12938.0,10734.0,7989,4450.0,1944.0,678.0,209,198.0,95682.0,39140.0
16,,,남자,148326.0,10609.0,11848.0,12692,13154.0,6090.0,4863.0,3480,1698.0,580.0,184.0,56,54.0,48303.0,17005.0
17,,,여자,150933.0,10204.0,11535.0,12815,12825.0,6848.0,5871.0,4509,2752.0,1364.0,494.0,153,144.0,47379.0,22135.0
18,,광진구,합계,357215.0,27368.0,32092.0,32302,29496.0,14402.0,11300.0,8121,4349.0,2029.0,689.0,228,174.0,121258.0,41292.0
19,,,남자,174797.0,13317.0,15555.0,16034,14875.0,6775.0,5376.0,3693,1609.0,631.0,170.0,54,37.0,59781.0,18345.0
20,,,여자,182418.0,14051.0,16537.0,16268,14621.0,7627.0,5924.0,4428,2740.0,1398.0,519.0,174,137.0,61477.0,22947.0
21,,동대문구,합계,355069.0,26261.0,27808.0,27277,28095.0,17506.0,14867.0,11008,5926.0,2577.0,887.0,288,242.0,109441.0,53301.0
22,,,남자,177640.0,13162.0,14859.0,14140,14489.0,8237.0,6815.0,4950,2375.0,801.0,248.0,87,68.0,56650.0,23581.0
23,,,여자,177429.0,13099.0,12949.0,13137,13606.0,9269.0,8052.0,6058,3551.0,1776.0,639.0,201,174.0,52791.0,29720.0
24,,중랑구,합계,411005.0,28727.0,29833.0,32277,32632.0,19957.0,15415.0,10783,5784.0,2596.0,896.0,257,154.0,123469.0,55842.0
25,,,남자,204900.0,14676.0,14784.0,16607,17248.0,9448.0,7189.0,4879,2214.0,667.0,211.0,57,37.0,63315.0,24702.0
26,,,여자,206105.0,14051.0,15049.0,15670,15384.0,10509.0,8226.0,5904,3570.0,1929.0,685.0,200,117.0,60154.0,31140.0
27,,성북구,합계,450355.0,32372.0,32003.0,32154,35029.0,20618.0,17629.0,13312,7284.0,3279.0,1099.0,352,305.0,131558.0,63878.0
28,,,남자,219951.0,15761.0,16229.0,16075,17424.0,9402.0,7979.0,5825,2856.0,978.0,287.0,87,78.0,65489.0,27492.0
29,,,여자,230404.0,16611.0,15774.0,16079,17605.0,11216.0,9650.0,7487,4428.0,2301.0,812.0,265,227.0,66069.0,36386.0
30,,강북구,합계,327195.0,22058.0,21374.0,22650,24750.0,18172.0,15323.0,11103,5654.0,2373.0,842.0,256,241.0,90832.0,53964.0
31,,,남자,160861.0,11206.0,10737.0,11838,12998.0,8084.0,6836.0,4961,2313.0,731.0,219.0,66,63.0,46779.0,23273.0
32,,,여자,166334.0,10852.0,10637.0,10812,11752.0,10088.0,8487.0,6142,3341.0,1642.0,623.0,190,178.0,44053.0,30691.0
33,,도봉구,합계,348220.0,24350.0,22867.0,23613,25303.0,16819.0,13559.0,10265,5829.0,2696.0,938.0,231,129.0,96133.0,50466.0
34,,,남자,171238.0,12666.0,11645.0,12255,12757.0,8073.0,6328.0,4547,2172.0,865.0,240.0,68,25.0,49323.0,22318.0
35,,,여자,176982.0,11684.0,11222.0,11358,12546.0,8746.0,7231.0,5718,3657.0,1831.0,698.0,163,104.0,46810.0,28148.0
36,,노원구,합계,567581.0,42548.0,35036.0,37414,41931.0,23312.0,18349.0,14388,8613.0,4094.0,1452.0,384,227.0,156929.0,70819.0
37,,,남자,276333.0,22312.0,17869.0,18458,20799.0,10786.0,8040.0,5815,2928.0,1190.0,335.0,97,72.0,79438.0,29263.0
38,,,여자,291248.0,20236.0,17167.0,18956,21132.0,12526.0,10309.0,8573,5685.0,2904.0,1117.0,287,155.0,77491.0,41556.0
39,,은평구,합계,491476.0,32347.0,32574.0,36008,40266.0,23873.0,19576.0,14649,7871.0,3450.0,1209.0,315,361.0,141195.0,71304.0
40,,,남자,239183.0,16375.0,15885.0,17908,20205.0,10868.0,8796.0,6563,3163.0,1096.0,331.0,82,52.0,70373.0,30951.0
41,,,여자,252293.0,15972.0,16689.0,18100,20061.0,13005.0,10780.0,8086,4708.0,2354.0,878.0,233,309.0,70822.0,40353.0
42,,서대문구,합계,314194.0,23517.0,24297.0,23523,24000.0,14545.0,12780.0,10247,5850.0,2486.0,899.0,281,215.0,95337.0,47303.0
43,,,남자,152510.0,11584.0,12198.0,11779,12022.0,6491.0,5622.0,4409,2266.0,786.0,240.0,88,52.0,47583.0,19954.0
44,,,여자,161684.0,11933.0,12099.0,11744,11978.0,8054.0,7158.0,5838,3584.0,1700.0,659.0,193,163.0,47754.0,27349.0
45,,마포구,합계,379892.0,26248.0,31622.0,35720,34307.0,15049.0,13003.0,10074,5798.0,2640.0,925.0,292,279.0,127897.0,48060.0
46,,,남자,182162.0,12499.0,14694.0,17071,16774.0,6592.0,5667.0,4385,2224.0,871.0,245.0,87,65.0,61038.0,20136.0
47,,,여자,197730.0,13749.0,16928.0,18649,17533.0,8457.0,7336.0,5689,3574.0,1769.0,680.0,205,214.0,66859.0,27924.0
48,,양천구,합계,477739.0,34199.0,29917.0,32220,35167.0,19119.0,13453.0,9524,5617.0,2840.0,985.0,266,153.0,131503.0,51957.0
49,,,남자,236290.0,17983.0,14907.0,16175,17102.0,9542.0,6410.0,4035,1937.0,761.0,228.0,64,34.0,66167.0,23011.0
50,,,여자,241449.0,16216.0,15010.0,16045,18065.0,9577.0,7043.0,5489,3680.0,2079.0,757.0,202,119.0,65336.0,28946.0
51,,강서구,합계,595485.0,39654.0,45771.0,53646,53813.0,26279.0,18365.0,12741,7608.0,3921.0,1399.0,375,201.0,192884.0,70889.0
52,,,남자,290478.0,19802.0,21694.0,27022,27611.0,12632.0,8938.0,5372,2631.0,1064.0,341.0,104,55.0,96129.0,31137.0
53,,,여자,305007.0,19852.0,24077.0,26624,26202.0,13647.0,9427.0,7369,4977.0,2857.0,1058.0,271,146.0,96755.0,39752.0
54,,구로구,합계,417551.0,26616.0,29824.0,35072,37329.0,20552.0,15206.0,10298,5555.0,2380.0,810.0,208,150.0,128841.0,55159.0
55,,,남자,207667.0,13431.0,14521.0,17738,19226.0,10116.0,7440.0,4719,2150.0,692.0,173.0,44,35.0,64916.0,25369.0
56,,,여자,209884.0,13185.0,15303.0,17334,18103.0,10436.0,7766.0,5579,3405.0,1688.0,637.0,164,115.0,63925.0,29790.0
57,,금천구,합계,235386.0,16122.0,18384.0,18822,17995.0,11672.0,8935.0,6053,3203.0,1368.0,458.0,140,147.0,71323.0,31976.0
58,,,남자,119885.0,8289.0,9789.0,10346,9753.0,5696.0,4284.0,2745,1221.0,390.0,114.0,36,54.0,38177.0,14540.0
59,,,여자,115501.0,7833.0,8595.0,8476,8242.0,5976.0,4651.0,3308,1982.0,978.0,344.0,104,93.0,33146.0,17436.0
60,,영등포구,합계,370613.0,23337.0,30612.0,34136,32051.0,17748.0,13716.0,9952,5907.0,2429.0,916.0,290,228.0,120136.0,51186.0
61,,,남자,185200.0,11516.0,14716.0,17501,16535.0,8530.0,6475.0,4478,2424.0,759.0,253.0,91,63.0,60268.0,23073.0
62,,,여자,185413.0,11821.0,15896.0,16635,15516.0,9218.0,7241.0,5474,3483.0,1670.0,663.0,199,165.0,59868.0,28113.0
63,,동작구,합계,400997.0,29154.0,34672.0,35429,34334.0,18866.0,15007.0,10782,6098.0,2739.0,1007.0,302,251.0,133589.0,55052.0
64,,,남자,196267.0,14662.0,17297.0,17786,17357.0,8572.0,6989.0,4882,2382.0,865.0,266.0,79,72.0,67102.0,24107.0
65,,,여자,204730.0,14492.0,17375.0,17643,16977.0,10294.0,8018.0,5900,3716.0,1874.0,741.0,223,179.0,66487.0,30945.0
66,,관악구,합계,506851.0,39635.0,57510.0,51521,43595.0,24225.0,18922.0,12989,6242.0,2742.0,1006.0,264,269.0,192261.0,66659.0
67,,,남자,256143.0,19089.0,30096.0,28179,23598.0,11288.0,8945.0,6113,2517.0,807.0,226.0,60,57.0,100962.0,30013.0
68,,,여자,250708.0,20546.0,27414.0,23342,19997.0,12937.0,9977.0,6876,3725.0,1935.0,780.0,204,212.0,91299.0,36646.0
69,,서초구,합계,447192.0,28108.0,31164.0,35666,39133.0,18569.0,13954.0,8946,5094.0,2678.0,1139.0,333,193.0,134071.0,50906.0
70,,,남자,214673.0,13935.0,14585.0,16409,18010.0,8638.0,6839.0,4350,2106.0,782.0,307.0,82,54.0,62939.0,23158.0
71,,,여자,232519.0,14173.0,16579.0,19257,21123.0,9931.0,7115.0,4596,2988.0,1896.0,832.0,251,139.0,71132.0,27748.0
72,,강남구,합계,567115.0,38888.0,42574.0,47580,48855.0,22899.0,16765.0,10704,6109.0,3276.0,1391.0,441,237.0,177897.0,61822.0
73,,,남자,271604.0,19597.0,19592.0,21817,22470.0,10737.0,8279.0,5087,2384.0,879.0,330.0,104,49.0,83476.0,27849.0
74,,,여자,295511.0,19291.0,22982.0,25763,26385.0,12162.0,8486.0,5617,3725.0,2397.0,1061.0,337,188.0,94421.0,33973.0
75,,송파구,합계,657831.0,44255.0,48619.0,56183,57186.0,27064.0,18670.0,12144,7313.0,3659.0,1455.0,391,222.0,206243.0,70918.0
76,,,남자,320557.0,22465.0,23330.0,26914,27485.0,13518.0,9284.0,5540,2685.0,1010.0,340.0,93,59.0,100194.0,32529.0
77,,,여자,337274.0,21790.0,25289.0,29269,29701.0,13546.0,9386.0,6604,4628.0,2649.0,1115.0,298,163.0,106049.0,38389.0
78,,강동구,합계,444168.0,30239.0,31645.0,34739,36608.0,20287.0,14010.0,9022,5336.0,2877.0,1086.0,299,204.0,133231.0,53121.0
79,,,남자,221118.0,15899.0,16073.0,17580,18495.0,10095.0,6983.0,4091,1821.0,720.0,235.0,67,59.0,68047.0,24071.0
80,,,여자,223050.0,14340.0,15572.0,17159,18113.0,10192.0,7027.0,4931,3515.0,2157.0,851.0,232,145.0,65184.0,29050.0
82,,,남자,1725607.0,127936.0,112087.0,114667,132506.0,90841.0,64984.0,44514,21014.0,6959.0,1840.0,402,340.0,487196.0,230894.0
83,,,여자,1772922.0,112070.0,103106.0,109072,127271.0,100885.0,75385.0,61700,38336.0,19524.0,6544.0,1551,1245.0,451519.0,305170.0
84,,중구,합계,45208.0,2804.0,2883.0,2748,2799.0,3177.0,2629.0,2014,1048.0,521.0,193.0,52,66.0,11234.0,9700.0
85,,,남자,22174.0,1432.0,1520.0,1480,1502.0,1424.0,1183.0,847,378.0,154.0,51.0,17,15.0,5934.0,4069.0
86,,,여자,23034.0,1372.0,1363.0,1268,1297.0,1753.0,1446.0,1167,670.0,367.0,142.0,35,51.0,5300.0,5631.0
87,,서구,합계,112973.0,7555.0,6573.0,6128,7114.0,7893.0,6152.0,4987,2880.0,1336.0,439.0,116,103.0,27370.0,23906.0
88,,,남자,55469.0,3834.0,3412.0,3197,3723.0,3683.0,2741.0,2039,1037.0,338.0,108.0,36,27.0,14166.0,10009.0
89,,,여자,57504.0,3721.0,3161.0,2931,3391.0,4210.0,3411.0,2948,1843.0,998.0,331.0,80,76.0,13204.0,13897.0
90,,동구,합계,89826.0,5440.0,5047.0,5049,5681.0,6682.0,5358.0,4329,2475.0,1019.0,306.0,81,84.0,21217.0,20334.0
91,,,남자,44516.0,2913.0,2648.0,2769,3109.0,3057.0,2379.0,1735,877.0,291.0,94.0,22,22.0,11439.0,8477.0
92,,,여자,45310.0,2527.0,2399.0,2280,2572.0,3625.0,2979.0,2594,1598.0,728.0,212.0,59,62.0,9778.0,11857.0
93,,영도구,합계,126362.0,7691.0,6643.0,6686,7780.0,9196.0,7314.0,5722,2996.0,1338.0,421.0,102,103.0,28800.0,27192.0
94,,,남자,62596.0,4188.0,3639.0,3676,4114.0,4271.0,3217.0,2264,1081.0,312.0,91.0,30,27.0,15617.0,11293.0
95,,,여자,63766.0,3503.0,3004.0,3010,3666.0,4925.0,4097.0,3458,1915.0,1026.0,330.0,72,76.0,13183.0,15899.0
96,,부산진구,합계,376526.0,26616.0,26535.0,26684,28028.0,21183.0,15842.0,12530,6802.0,2881.0,877.0,206,220.0,107863.0,60541.0
97,,,남자,184213.0,13641.0,13204.0,13657,14498.0,9984.0,7179.0,5150,2476.0,787.0,202.0,47,40.0,55000.0,25865.0
98,,,여자,192313.0,12975.0,13331.0,13027,13530.0,11199.0,8663.0,7380,4326.0,2094.0,675.0,159,180.0,52863.0,34676.0
99,,동래구,합계,272745.0,18662.0,16358.0,16452,19604.0,14988.0,10517.0,7692,4326.0,1926.0,638.0,143,119.0,71076.0,40349.0
100,,,남자,133890.0,10108.0,8527.0,8417,9733.0,7130.0,5015.0,3374,1613.0,529.0,139.0,25,25.0,36785.0,17850.0
101,,,여자,138855.0,8554.0,7831.0,8035,9871.0,7858.0,5502.0,4318,2713.0,1397.0,499.0,118,94.0,34291.0,22499.0
102,,남구,합계,278779.0,19584.0,16542.0,16385,19953.0,16354.0,12554.0,9066,4856.0,2018.0,677.0,145,108.0,72464.0,45778.0
103,,,남자,137096.0,10332.0,8811.0,8467,10002.0,7560.0,5757.0,4000,1775.0,524.0,147.0,26,22.0,37612.0,19811.0
104,,,여자,141683.0,9252.0,7731.0,7918,9951.0,8794.0,6797.0,5066,3081.0,1494.0,530.0,119,86.0,34852.0,25967.0
105,,북구,합계,310202.0,23990.0,20371.0,19484,21686.0,14352.0,9947.0,7336,4269.0,1833.0,561.0,131,93.0,85531.0,38522.0
106,,,남자,154276.0,12930.0,10717.0,10035,11219.0,7015.0,4641.0,2988,1357.0,425.0,113.0,22,20.0,44901.0,16581.0
107,,,여자,155926.0,11060.0,9654.0,9449,10467.0,7337.0,5306.0,4348,2912.0,1408.0,448.0,109,73.0,40630.0,21941.0
108,,해운대구,합계,419853.0,28838.0,23916.0,24369,31097.0,19879.0,14602.0,11417,6685.0,3050.0,904.0,182,135.0,108220.0,56854.0
109,,,남자,203814.0,15456.0,12306.0,11823,14782.0,9292.0,6587.0,4693,2353.0,799.0,212.0,47,32.0,54367.0,24015.0
110,,,여자,216039.0,13382.0,11610.0,12546,16315.0,10587.0,8015.0,6724,4332.0,2251.0,692.0,135,103.0,53853.0,32839.0
111,,사하구,합계,334603.0,23556.0,20425.0,21635,24879.0,17355.0,12264.0,8997,4865.0,2253.0,741.0,152,151.0,90495.0,46778.0
112,,,남자,167290.0,12698.0,10939.0,11349,13176.0,8361.0,5812.0,3723,1653.0,593.0,141.0,28,32.0,48162.0,20343.0
113,,,여자,167313.0,10858.0,9486.0,10286,11703.0,8994.0,6452.0,5274,3212.0,1660.0,600.0,124,119.0,42333.0,26435.0
114,,금정구,합계,244624.0,19563.0,16008.0,14092,16139.0,14021.0,10255.0,7712,4513.0,1990.0,662.0,159,170.0,65802.0,39482.0
115,,,남자,120291.0,10529.0,8699.0,7400,8229.0,6684.0,4855.0,3298,1634.0,536.0,142.0,29,33.0,34857.0,17211.0
116,,,여자,124333.0,9034.0,7309.0,6692,7910.0,7337.0,5400.0,4414,2879.0,1454.0,520.0,130,137.0,30945.0,22271.0
117,,강서구,합계,108909.0,5009.0,6159.0,10677,12371.0,4468.0,3117.0,2353,1370.0,728.0,223.0,54,35.0,34216.0,12348.0
118,,,남자,56287.0,2754.0,3097.0,5400,6636.0,2366.0,1550.0,1010,451.0,166.0,48.0,10,9.0,17887.0,5610.0
119,,,여자,52622.0,2255.0,3062.0,5277,5735.0,2102.0,1567.0,1343,919.0,562.0,175.0,44,26.0,16329.0,6738.0
120,,연제구,합계,207268.0,13807.0,12514.0,13215,15649.0,11628.0,8370.0,6282,3397.0,1509.0,455.0,127,64.0,55185.0,31832.0
121,,,남자,101330.0,7390.0,6385.0,6692,7678.0,5508.0,3980.0,2786,1246.0,422.0,108.0,23,16.0,28145.0,14089.0
122,,,여자,105938.0,6417.0,6129.0,6523,7971.0,6120.0,4390.0,3496,2151.0,1087.0,347.0,104,48.0,27040.0,17743.0
123,,수영구,합계,179324.0,11818.0,12184.0,12742,13660.0,11142.0,8076.0,5930,3374.0,1671.0,490.0,100,48.0,50404.0,30831.0
124,,,남자,85573.0,6052.0,6037.0,6299,6863.0,5090.0,3829.0,2612,1259.0,490.0,108.0,22,8.0,25251.0,13418.0
125,,,여자,93751.0,5766.0,6147.0,6443,6797.0,6052.0,4247.0,3318,2115.0,1181.0,382.0,78,40.0,25153.0,17413.0
126,,사상구,합계,232800.0,17255.0,15610.0,15605,16776.0,12199.0,7901.0,5725,2988.0,1217.0,386.0,90,55.0,65246.0,30561.0
127,,,남자,118419.0,9441.0,8368.0,8313,8928.0,5981.0,3776.0,2357,947.0,283.0,62.0,5,7.0,35050.0,13418.0
128,,,여자,114381.0,7814.0,7242.0,7292,7848.0,6218.0,4125.0,3368,2041.0,934.0,324.0,85,48.0,30196.0,17143.0
129,,기장군,합계,158527.0,7818.0,7425.0,11788,16561.0,7209.0,5471.0,4122,2506.0,1193.0,411.0,113,31.0,43592.0,21056.0
130,,,남자,78373.0,4238.0,3778.0,5693,8314.0,3435.0,2483.0,1638,877.0,310.0,74.0,13,5.0,22023.0,8835.0
131,,,여자,80154.0,3580.0,3647.0,6095,8247.0,3774.0,2988.0,2484,1629.0,883.0,337.0,100,26.0,21569.0,12221.0
133,,,남자,1234169.0,98590.0,81921.0,78731,90249.0,52980.0,36574.0,27346,14462.0,4626.0,1156.0,218,135.0,349491.0,137497.0
134,,,여자,1250388.0,82041.0,67375.0,73909,90879.0,60441.0,46165.0,40450,26399.0,12447.0,4081.0,965,456.0,314204.0,191404.0
135,,중구,합계,79712.0,5360.0,5623.0,5907,5820.0,4780.0,4049.0,3214,1932.0,902.0,299.0,81,86.0,22710.0,15343.0
136,,,남자,38720.0,2693.0,2918.0,2944,3031.0,2091.0,1758.0,1338,730.0,258.0,60.0,20,17.0,11586.0,6272.0
137,,,여자,40992.0,2667.0,2705.0,2963,2789.0,2689.0,2291.0,1876,1202.0,644.0,239.0,61,69.0,11124.0,9071.0
138,,동구,합계,351352.0,22494.0,20578.0,23023,27842.0,19292.0,14329.0,11588,6718.0,2723.0,810.0,200,107.0,93937.0,55767.0
139,,,남자,174663.0,12355.0,11267.0,11944,14216.0,8998.0,6326.0,4776,2438.0,796.0,160.0,49,18.0,49782.0,23561.0
140,,,여자,176689.0,10139.0,9311.0,11079,13626.0,10294.0,8003.0,6812,4280.0,1927.0,650.0,151,89.0,44155.0,32206.0
141,,서구,합계,199507.0,14302.0,12699.0,11909,12520.0,12063.0,8602.0,6671,3645.0,1416.0,449.0,104,88.0,51430.0,33038.0
142,,,남자,100760.0,7923.0,7170.0,6570,6844.0,5701.0,3839.0,2703,1285.0,341.0,77.0,19,23.0,28507.0,13988.0
143,,,여자,98747.0,6379.0,5529.0,5339,5676.0,6362.0,4763.0,3968,2360.0,1075.0,372.0,85,65.0,22923.0,19050.0
144,,남구,합계,156433.0,10707.0,9972.0,10224,10707.0,9767.0,7538.0,6359,3928.0,1705.0,490.0,126,61.0,41610.0,29974.0
145,,,남자,76147.0,5741.0,5341.0,5349,5457.0,4402.0,3236.0,2591,1487.0,493.0,109.0,23,16.0,21888.0,12357.0
146,,,여자,80286.0,4966.0,4631.0,4875,5250.0,5365.0,4302.0,3768,2441.0,1212.0,381.0,103,45.0,19722.0,17617.0
147,,북구,합계,440383.0,33004.0,26210.0,26807,32871.0,17832.0,13019.0,10767,6140.0,2435.0,724.0,165,74.0,118892.0,51156.0
148,,,남자,220247.0,18003.0,14370.0,13795,16227.0,8228.0,5722.0,4339,2126.0,611.0,146.0,25,18.0,62395.0,21215.0
149,,,여자,220136.0,15001.0,11840.0,13012,16644.0,9604.0,7297.0,6428,4014.0,1824.0,578.0,140,56.0,56497.0,29941.0
150,,수성구,합계,447011.0,34373.0,24123.0,21530,28132.0,18506.0,13898.0,11648,7657.0,3334.0,1072.0,234,82.0,108158.0,56431.0
151,,,남자,218317.0,18890.0,13159.0,10717,12798.0,8472.0,6163.0,4810,2762.0,950.0,284.0,39,21.0,55564.0,23501.0
152,,,여자,228694.0,15483.0,10964.0,10813,15334.0,10034.0,7735.0,6838,4895.0,2384.0,788.0,195,61.0,52594.0,32930.0
153,,달서구,합계,591891.0,46800.0,37533.0,36507,43274.0,22849.0,15521.0,12522,7671.0,3185.0,970.0,192,67.0,164114.0,62977.0
154,,,남자,294121.0,25322.0,20759.0,18894,21357.0,10970.0,6934.0,4922,2574.0,827.0,233.0,30,13.0,86332.0,26503.0
155,,,여자,297770.0,21478.0,16774.0,17613,21917.0,11879.0,8587.0,7600,5097.0,2358.0,737.0,162,54.0,77782.0,36474.0
156,,달성군,합계,218268.0,13591.0,12558.0,16733,19962.0,8332.0,5783.0,5027,3170.0,1373.0,423.0,81,26.0,62844.0,24215.0
157,,,남자,111194.0,7663.0,6937.0,8518,10319.0,4118.0,2596.0,1867,1060.0,350.0,87.0,13,9.0,33437.0,10100.0
158,,,여자,107074.0,5928.0,5621.0,8215,9643.0,4214.0,3187.0,3160,2110.0,1023.0,336.0,68,17.0,29407.0,14115.0
160,,,남자,1477671.0,110587.0,101382.0,107631,123778.0,52795.0,38397.0,26061,13750.0,5080.0,1564.0,417,197.0,443378.0,138261.0
161,,,여자,1465398.0,100340.0,94313.0,101539,117195.0,55218.0,45270.0,37881,26449.0,14077.0,5235.0,1307,557.0,413387.0,185994.0
162,,중구,합계,115249.0,6212.0,6580.0,8221,10389.0,5227.0,4270.0,3034,1809.0,869.0,359.0,111,58.0,31402.0,15737.0
163,,,남자,59839.0,3247.0,3577.0,4334,5513.0,2493.0,2035.0,1297,665.0,240.0,110.0,35,19.0,16671.0,6894.0
164,,,여자,55410.0,2965.0,3003.0,3887,4876.0,2734.0,2235.0,1737,1144.0,629.0,249.0,76,39.0,14731.0,8843.0
165,,동구,합계,71014.0,3905.0,3685.0,4557,5810.0,3944.0,3435.0,2595,1533.0,738.0,244.0,85,65.0,17957.0,12639.0
166,,,남자,35833.0,2055.0,1950.0,2383,3106.0,1807.0,1554.0,1092,486.0,220.0,67.0,30,18.0,9494.0,5274.0
167,,,여자,35181.0,1850.0,1735.0,2174,2704.0,2137.0,1881.0,1503,1047.0,518.0,177.0,55,47.0,8463.0,7365.0
168,,남구,합계,417103.0,29040.0,28710.0,30470,33798.0,19319.0,15388.0,11492,6591.0,3118.0,1061.0,302,166.0,122018.0,57437.0
169,,,남자,210433.0,15247.0,15434.0,16171,18053.0,9268.0,7127.0,4872,2361.0,873.0,248.0,74,47.0,64905.0,24870.0
170,,,여자,206670.0,13793.0,13276.0,14299,15745.0,10051.0,8261.0,6620,4230.0,2245.0,813.0,228,119.0,57113.0,32567.0
171,,연수구,합계,328627.0,25013.0,22381.0,21856,26059.0,8581.0,6591.0,5375,3613.0,1865.0,671.0,159,38.0,95309.0,26893.0
172,,,남자,163753.0,13082.0,11596.0,10886,12710.0,4113.0,3035.0,2112,1156.0,471.0,144.0,37,11.0,48274.0,11079.0
173,,,여자,164874.0,11931.0,10785.0,10970,13349.0,4468.0,3556.0,3263,2457.0,1394.0,527.0,122,27.0,47035.0,15814.0
174,,남동구,합계,530982.0,37538.0,34973.0,38973,46234.0,18811.0,14115.0,10247,6244.0,3115.0,1073.0,257,99.0,157718.0,53961.0
175,,,남자,264714.0,19561.0,17803.0,19944,23540.0,9253.0,6421.0,4175,2090.0,784.0,218.0,53,25.0,80848.0,23019.0
176,,,여자,266268.0,17977.0,17170.0,19029,22694.0,9558.0,7694.0,6072,4154.0,2331.0,855.0,204,74.0,76870.0,30942.0
177,,부평구,합계,549716.0,41188.0,39423.0,41234,43935.0,20579.0,15512.0,11992,7645.0,3497.0,1243.0,319,153.0,165780.0,60940.0
178,,,남자,273356.0,21237.0,19907.0,21166,22779.0,10068.0,7058.0,4700,2630.0,922.0,309.0,66,33.0,85089.0,25786.0
179,,,여자,276360.0,19951.0,19516.0,20068,21156.0,10511.0,8454.0,7292,5015.0,2575.0,934.0,253,120.0,80691.0,35154.0
180,,계양구,합계,330284.0,27209.0,24062.0,22889,24798.0,9925.0,7423.0,5963,3874.0,1773.0,610.0,137,57.0,98958.0,29762.0
181,,,남자,165301.0,14158.0,12330.0,11766,12635.0,5020.0,3266.0,2305,1224.0,449.0,141.0,34,14.0,50889.0,12453.0
182,,,여자,164983.0,13051.0,11732.0,11123,12163.0,4905.0,4157.0,3658,2650.0,1324.0,469.0,103,43.0,48069.0,17309.0
183,,서구,합계,510733.0,36032.0,31768.0,37247,45506.0,15039.0,10853.0,8040,5174.0,2485.0,854.0,197,77.0,150553.0,42719.0
184,,,남자,258117.0,18989.0,16210.0,18874,22987.0,7497.0,5046.0,3172,1694.0,616.0,173.0,46,19.0,77060.0,18263.0
185,,,여자,252616.0,17043.0,15558.0,18373,22519.0,7542.0,5807.0,4868,3480.0,1869.0,681.0,151,58.0,73493.0,24456.0
186,,강화군,합계,68010.0,3233.0,2731.0,2593,3167.0,5242.0,4932.0,4322,3091.0,1334.0,530.0,117,32.0,11724.0,19600.0
187,,,남자,34170.0,1840.0,1589.0,1413,1699.0,2589.0,2307.0,1936,1214.0,419.0,125.0,32,8.0,6541.0,8630.0
188,,,여자,33840.0,1393.0,1142.0,1180,1468.0,2653.0,2625.0,2386,1877.0,915.0,405.0,85,24.0,5183.0,10970.0
189,,옹진군,합계,21351.0,1557.0,1382.0,1130,1277.0,1346.0,1148.0,882,625.0,363.0,154.0,40,9.0,5346.0,4567.0
190,,,남자,12155.0,1171.0,986.0,694,756.0,687.0,548.0,400,230.0,86.0,29.0,10,3.0,3607.0,1993.0
191,,,여자,9196.0,386.0,396.0,436,521.0,659.0,600.0,482,395.0,277.0,125.0,30,6.0,1739.0,2574.0
193,,,남자,728137.0,59840.0,45509.0,49835,57412.0,27279.0,20395.0,14133,7132.0,2635.0,692.0,118,39.0,212596.0,72423.0
194,,,여자,741077.0,53494.0,42559.0,48078,58070.0,31172.0,24370.0,20396,13395.0,7208.0,2585.0,707,316.0,202201.0,100149.0
195,,동구,합계,95791.0,6809.0,6099.0,6150,6420.0,6109.0,5101.0,4104,2421.0,1147.0,373.0,107,51.0,25478.0,19413.0
196,,,남자,47823.0,3509.0,3190.0,3297,3474.0,2770.0,2331.0,1877,987.0,364.0,103.0,24,8.0,13470.0,8464.0
197,,,여자,47968.0,3300.0,2909.0,2853,2946.0,3339.0,2770.0,2227,1434.0,783.0,270.0,83,43.0,12008.0,10949.0
198,,서구,합계,309579.0,24720.0,19306.0,20529,23356.0,12102.0,9179.0,6923,4121.0,1961.0,699.0,162,67.0,87911.0,35214.0
199,,,남자,152246.0,13023.0,9886.0,10322,11328.0,5656.0,4189.0,2871,1467.0,536.0,144.0,19,6.0,44559.0,14888.0
200,,,여자,157333.0,11697.0,9420.0,10207,12028.0,6446.0,4990.0,4052,2654.0,1425.0,555.0,143,61.0,43352.0,20326.0
201,,남구,합계,219729.0,16515.0,12456.0,13581,16055.0,10941.0,8372.0,6412,3786.0,1824.0,601.0,163,85.0,58607.0,32184.0
202,,,남자,106288.0,8605.0,6354.0,6832,7957.0,5035.0,3912.0,2691,1332.0,512.0,130.0,24,10.0,29748.0,13646.0
203,,,여자,113441.0,7910.0,6102.0,6749,8098.0,5906.0,4460.0,3721,2454.0,1312.0,471.0,139,75.0,28859.0,18538.0
204,,북구,합계,441066.0,35169.0,28228.0,29922,32987.0,18808.0,13907.0,10525,6157.0,3024.0,937.0,235,101.0,126306.0,53694.0
205,,,남자,219300.0,18726.0,14685.0,15533,16718.0,9009.0,6364.0,4321,2119.0,792.0,194.0,33,13.0,65662.0,22845.0
206,,,여자,221766.0,16443.0,13543.0,14389,16269.0,9799.0,7543.0,6204,4038.0,2232.0,743.0,202,88.0,60644.0,30849.0
207,,광산구,합계,403049.0,30121.0,21979.0,27731,36664.0,10491.0,8206.0,6565,4042.0,1887.0,667.0,158,51.0,116495.0,32067.0
208,,,남자,202480.0,15977.0,11394.0,13851,17935.0,4809.0,3599.0,2373,1227.0,431.0,121.0,18,2.0,59157.0,12580.0
209,,,여자,200569.0,14144.0,10585.0,13880,18729.0,5682.0,4607.0,4192,2815.0,1456.0,546.0,140,49.0,57338.0,19487.0
211,,,남자,757289.0,59816.0,53029.0,53943,59062.0,28049.0,20021.0,14222,7561.0,2750.0,789.0,193,73.0,225850.0,73658.0
212,,,여자,757081.0,53389.0,46562.0,50900,58974.0,29842.0,23695.0,19837,13966.0,7207.0,2520.0,608,235.0,209825.0,97910.0
213,,동구,합계,234959.0,17000.0,14056.0,14981,17599.0,11752.0,9483.0,7287,4428.0,1950.0,627.0,154,82.0,63636.0,35763.0
214,,,남자,118911.0,9075.0,7842.0,7916,9182.0,5561.0,4374.0,2981,1600.0,581.0,161.0,45,24.0,34015.0,15327.0
215,,,여자,116048.0,7925.0,6214.0,7065,8417.0,6191.0,5109.0,4306,2828.0,1369.0,466.0,109,58.0,29621.0,20436.0
216,,중구,합계,252490.0,17572.0,14728.0,15118,18595.0,12650.0,10059.0,7795,4769.0,2223.0,736.0,170,66.0,66013.0,38468.0
217,,,남자,125383.0,9195.0,7739.0,7695,9276.0,6011.0,4561.0,3385,1789.0,640.0,189.0,38,16.0,33905.0,16629.0
218,,,여자,127107.0,8377.0,6989.0,7423,9319.0,6639.0,5498.0,4410,2980.0,1583.0,547.0,132,50.0,32108.0,21839.0
219,,서구,합계,491011.0,38939.0,34449.0,35072,37629.0,17062.0,12268.0,9487,6132.0,2856.0,963.0,230,82.0,146089.0,49080.0
220,,,남자,242044.0,20316.0,17526.0,17664,18506.0,8322.0,5661.0,3999,2137.0,750.0,225.0,55,17.0,74012.0,21166.0
221,,,여자,248967.0,18623.0,16923.0,17408,19123.0,8740.0,6607.0,5488,3995.0,2106.0,738.0,175,65.0,72077.0,27914.0
222,,유성구,합계,343222.0,24737.0,24395.0,27981,30688.0,8607.0,6038.0,4904,3407.0,1699.0,625.0,143,51.0,107801.0,25474.0
223,,,남자,173072.0,13156.0,13287.0,14441,15127.0,4320.0,2736.0,1955,1073.0,449.0,133.0,33,10.0,56011.0,10709.0
224,,,여자,170150.0,11581.0,11108.0,13540,15561.0,4287.0,3302.0,2949,2334.0,1250.0,492.0,110,41.0,51790.0,14765.0
225,,대덕구,합계,192688.0,14957.0,11963.0,11691,13525.0,7820.0,5868.0,4586,2791.0,1229.0,358.0,104,27.0,52136.0,22783.0
226,,,남자,97879.0,8074.0,6635.0,6227,6971.0,3835.0,2689.0,1902,962.0,330.0,81.0,22,6.0,27907.0,9827.0
227,,,여자,94809.0,6883.0,5328.0,5464,6554.0,3985.0,3179.0,2684,1829.0,899.0,277.0,82,21.0,24229.0,12956.0
229,,,남자,603797.0,47935.0,41268.0,43071,49844.0,21333.0,13007.0,8126,3787.0,1182.0,287.0,67,28.0,182118.0,47817.0
230,,,여자,568507.0,36999.0,32502.0,38618,45611.0,20522.0,14457.0,11771,8066.0,4179.0,1526.0,320,110.0,153730.0,60951.0
231,,중구,합계,242536.0,17852.0,15177.0,16089,18689.0,10204.0,6784.0,4796,2672.0,1156.0,337.0,89,44.0,67807.0,26082.0
232,,,남자,123702.0,10040.0,8249.0,8410,9816.0,5069.0,3187.0,2016,924.0,258.0,45.0,14,10.0,36515.0,11523.0
233,,,여자,118834.0,7812.0,6928.0,7679,8873.0,5135.0,3597.0,2780,1748.0,898.0,292.0,75,34.0,31292.0,14559.0
234,,남구,합계,340714.0,27055.0,22804.0,23217,25397.0,12064.0,7453.0,5227,2914.0,1219.0,417.0,79,27.0,98473.0,29400.0
235,,,남자,173960.0,15119.0,12608.0,12218,12966.0,6143.0,3539.0,2215,931.0,270.0,74.0,17,6.0,52911.0,13195.0
236,,,여자,166754.0,11936.0,10196.0,10999,12431.0,5921.0,3914.0,3012,1983.0,949.0,343.0,62,21.0,45562.0,16205.0
237,,동구,합계,174514.0,11160.0,12318.0,15700,16067.0,6290.0,3569.0,2236,1303.0,646.0,248.0,52,26.0,55245.0,14370.0
238,,,남자,92144.0,6418.0,7224.0,8726,8904.0,3442.0,1829.0,937,365.0,110.0,33.0,8,6.0,31272.0,6730.0
239,,,여자,82370.0,4742.0,5094.0,6974,7163.0,2848.0,1740.0,1299,938.0,536.0,215.0,44,20.0,23973.0,7640.0
240,,북구,합계,195285.0,14309.0,11898.0,13825,18502.0,4740.0,3292.0,2379,1554.0,691.0,253.0,63,13.0,58534.0,12985.0
241,,,남자,101096.0,8154.0,6649.0,6944,9489.0,2331.0,1545.0,913,460.0,143.0,43.0,11,3.0,31236.0,5449.0
242,,,여자,94189.0,6155.0,5249.0,6881,9013.0,2409.0,1747.0,1466,1094.0,548.0,210.0,52,10.0,27298.0,7536.0
243,,울주군,합계,219255.0,14558.0,11573.0,12858,16800.0,8557.0,6366.0,5259,3410.0,1649.0,558.0,104,28.0,55789.0,25931.0
244,,,남자,112895.0,8204.0,6538.0,6773,8669.0,4348.0,2907.0,2045,1107.0,401.0,92.0,17,3.0,30184.0,10920.0
245,,,여자,106360.0,6354.0,5035.0,6085,8131.0,4209.0,3459.0,3214,2303.0,1248.0,466.0,87,25.0,25605.0,15011.0
247,,,남자,121505.0,6714.0,6711.0,9749,12652.0,3585.0,2593.0,2049,1220.0,454.0,122.0,17,8.0,35826.0,10048.0
248,,,여자,121543.0,6050.0,7048.0,10444,13106.0,3861.0,3170.0,2981,2281.0,1264.0,454.0,97,41.0,36648.0,14149.0
249,,세종특별자치시,합계,243048.0,12764.0,13759.0,20193,25758.0,7446.0,5763.0,5030,3501.0,1718.0,576.0,114,49.0,72474.0,24197.0
250,,,남자,121505.0,6714.0,6711.0,9749,12652.0,3585.0,2593.0,2049,1220.0,454.0,122.0,17,8.0,35826.0,10048.0
251,,,여자,121543.0,6050.0,7048.0,10444,13106.0,3861.0,3170.0,2981,2281.0,1264.0,454.0,97,41.0,36648.0,14149.0
253,,,남자,6395453.0,462233.0,419179.0,456660,537593.0,211457.0,162468.0,119014,63487.0,22835.0,6977.0,1774,876.0,1875665.0,588888.0
254,,,여자,6321327.0,419249.0,386589.0,436066,525627.0,228767.0,194675.0,163992,111608.0,57410.0,21418.0,5288,2429.0,1767531.0,785587.0
255,,수원시,합계,1194041.0,93237.0,89715.0,93592,104396.0,34417.0,26885.0,20574,12908.0,6193.0,2243.0,532,240.0,380940.0,103992.0
256,,,남자,601152.0,48549.0,47455.0,48417,53058.0,16491.0,12137.0,8372,4405.0,1635.0,537.0,113,67.0,197479.0,43757.0
257,,,여자,592889.0,44688.0,42260.0,45175,51338.0,17926.0,14748.0,12202,8503.0,4558.0,1706.0,419,173.0,183461.0,60235.0
258,,장안구,합계,296479.0,25238.0,20255.0,18955,22771.0,9409.0,7782.0,6094,3950.0,1936.0,705.0,166,74.0,87219.0,30116.0
259,,,남자,148987.0,13663.0,11019.0,9698,11358.0,4467.0,3429.0,2534,1365.0,541.0,184.0,34,20.0,45738.0,12574.0
260,,,여자,147492.0,11575.0,9236.0,9257,11413.0,4942.0,4353.0,3560,2585.0,1395.0,521.0,132,54.0,41481.0,17542.0
261,,권선구,합계,358393.0,27160.0,26687.0,29864,32859.0,10635.0,7910.0,6009,3739.0,1789.0,632.0,147,63.0,116570.0,30924.0
262,,,남자,180766.0,14031.0,13690.0,15475,17095.0,5191.0,3702.0,2391,1288.0,477.0,133.0,30,22.0,60291.0,13234.0
263,,,여자,177627.0,13129.0,12997.0,14389,15764.0,5444.0,4208.0,3618,2451.0,1312.0,499.0,117,41.0,56279.0,17690.0
264,,팔달구,합계,198515.0,14689.0,15451.0,15416,15893.0,8026.0,6347.0,4723,2779.0,1253.0,484.0,118,80.0,61449.0,23810.0
265,,,남자,99947.0,7571.0,8155.0,8138,8309.0,3802.0,2906.0,2001,966.0,318.0,122.0,31,20.0,32173.0,10166.0
266,,,여자,98568.0,7118.0,7296.0,7278,7584.0,4224.0,3441.0,2722,1813.0,935.0,362.0,87,60.0,29276.0,13644.0
267,,영통구,합계,340654.0,26150.0,27322.0,29357,32873.0,6347.0,4846.0,3748,2440.0,1215.0,422.0,101,23.0,115702.0,19142.0
268,,,남자,171452.0,13284.0,14591.0,15106,16296.0,3031.0,2100.0,1446,786.0,299.0,98.0,18,5.0,59277.0,7783.0
269,,,여자,169202.0,12866.0,12731.0,14251,16577.0,3316.0,2746.0,2302,1654.0,916.0,324.0,83,18.0,56425.0,11359.0
270,,성남시,합계,974580.0,67518.0,69242.0,75240,80035.0,36875.0,28581.0,21342,13002.0,6486.0,2421.0,637,400.0,292035.0,109744.0
271,,,남자,483374.0,34717.0,34759.0,38100,40070.0,17619.0,13050.0,9276,4688.0,1840.0,584.0,173,97.0,147646.0,47327.0
272,,,여자,491206.0,32801.0,34483.0,37140,39965.0,19256.0,15531.0,12066,8314.0,4646.0,1837.0,464,303.0,144389.0,62417.0
273,,수정구,합계,232841.0,16349.0,16963.0,18371,19264.0,10808.0,8159.0,5774,3124.0,1369.0,517.0,161,166.0,70947.0,30078.0
274,,,남자,118343.0,8510.0,9024.0,9917,10286.0,5128.0,3707.0,2491,1109.0,368.0,123.0,44,43.0,37737.0,13013.0
275,,,여자,114498.0,7839.0,7939.0,8454,8978.0,5680.0,4452.0,3283,2015.0,1001.0,394.0,117,123.0,33210.0,17065.0
276,,중원구,합계,237909.0,16714.0,17033.0,18574,19186.0,10279.0,7776.0,5456,2990.0,1423.0,547.0,172,160.0,71507.0,28803.0
277,,,남자,120529.0,8717.0,8889.0,9757,10139.0,5060.0,3578.0,2350,1030.0,345.0,118.0,43,45.0,37502.0,12569.0
278,,,여자,117380.0,7997.0,8144.0,8817,9047.0,5219.0,4198.0,3106,1960.0,1078.0,429.0,129,115.0,34005.0,16234.0
279,,분당구,합계,503830.0,34455.0,35246.0,38295,41585.0,15788.0,12646.0,10112,6888.0,3694.0,1357.0,304,74.0,149581.0,50863.0
280,,,남자,244502.0,17490.0,16846.0,18426,19645.0,7431.0,5765.0,4435,2549.0,1127.0,343.0,86,9.0,72407.0,21745.0
281,,,여자,259328.0,16965.0,18400.0,19869,21940.0,8357.0,6881.0,5677,4339.0,2567.0,1014.0,218,65.0,77174.0,29118.0
282,,의정부시,합계,438457.0,32021.0,27050.0,27731,32771.0,17439.0,14895.0,11876,6851.0,2925.0,974.0,255,181.0,119573.0,55396.0
283,,,남자,216400.0,16523.0,13692.0,14082,16579.0,8024.0,6636.0,5033,2546.0,855.0,246.0,62,42.0,60876.0,23444.0
284,,,여자,222057.0,15498.0,13358.0,13649,16192.0,9415.0,8259.0,6843,4305.0,2070.0,728.0,193,139.0,58697.0,31952.0
285,,안양시,합계,597414.0,44999.0,42347.0,43678,45563.0,21016.0,15773.0,12032,7584.0,3600.0,1237.0,288,145.0,176587.0,61675.0
286,,,남자,296959.0,23492.0,21886.0,22450,22936.0,10379.0,7194.0,4926,2554.0,982.0,307.0,77,42.0,90764.0,26461.0
287,,,여자,300455.0,21507.0,20461.0,21228,22627.0,10637.0,8579.0,7106,5030.0,2618.0,930.0,211,103.0,85823.0,35214.0
288,,만안구,합계,252353.0,19118.0,18391.0,18763,19339.0,10535.0,8016.0,5975,3492.0,1530.0,563.0,117,76.0,75611.0,30304.0
289,,,남자,126793.0,9946.0,9570.0,9868,10134.0,5263.0,3712.0,2535,1242.0,408.0,153.0,33,23.0,39518.0,13369.0
290,,,여자,125560.0,9172.0,8821.0,8895,9205.0,5272.0,4304.0,3440,2250.0,1122.0,410.0,84,53.0,36093.0,16935.0
291,,동안구,합계,345061.0,25881.0,23956.0,24915,26224.0,10481.0,7757.0,6057,4092.0,2070.0,674.0,171,69.0,100976.0,31371.0
292,,,남자,170166.0,13546.0,12316.0,12582,12802.0,5116.0,3482.0,2391,1312.0,574.0,154.0,44,19.0,51246.0,13092.0
293,,,여자,174895.0,12335.0,11640.0,12333,13422.0,5365.0,4275.0,3666,2780.0,1496.0,520.0,127,50.0,49730.0,18279.0
294,,부천시,합계,851380.0,64394.0,61906.0,63834,68152.0,30584.0,21520.0,16329,10528.0,5001.0,1657.0,405,194.0,258286.0,86218.0
295,,,남자,425101.0,33805.0,31507.0,32796,34945.0,15392.0,10001.0,6399,3421.0,1334.0,386.0,93,49.0,133053.0,37075.0
296,,,여자,426279.0,30589.0,30399.0,31038,33207.0,15192.0,11519.0,9930,7107.0,3667.0,1271.0,312,145.0,125233.0,49143.0
297,,소사구,합계,283793.3333333333,21464.666666666668,20635.333333333332,21278,22717.333333333332,10194.666666666666,7173.333333333333,5443,3509.3333333333335,1667.0,552.3333333333334,135,64.66666666666667,86095.33333333333,28739.333333333332
298,,,남자,141700.33333333334,11268.333333333334,10502.333333333334,10932,11648.333333333334,5130.666666666667,3333.6666666666665,2133,1140.3333333333333,444.6666666666667,128.66666666666666,31,16.333333333333332,44351.0,12358.333333333334
299,,,여자,142093.0,10196.333333333334,10133.0,10346,11069.0,5064.0,3839.6666666666665,3310,2369.0,1222.3333333333333,423.6666666666667,104,48.333333333333336,41744.333333333336,16381.0
300,,오정구,합계,283793.3333333333,21464.666666666668,20635.333333333332,21278,22717.333333333332,10194.666666666666,7173.333333333333,5443,3509.3333333333335,1667.0,552.3333333333334,135,64.66666666666667,86095.33333333333,28739.333333333332
301,,,남자,141700.33333333334,11268.333333333334,10502.333333333334,10932,11648.333333333334,5130.666666666667,3333.6666666666665,2133,1140.3333333333333,444.6666666666667,128.66666666666666,31,16.333333333333332,44351.0,12358.333333333334
302,,,여자,142093.0,10196.333333333334,10133.0,10346,11069.0,5064.0,3839.6666666666665,3310,2369.0,1222.3333333333333,423.6666666666667,104,48.333333333333336,41744.333333333336,16381.0
303,,원미구,합계,283793.3333333333,21464.666666666668,20635.333333333332,21278,22717.333333333332,10194.666666666666,7173.333333333333,5443,3509.3333333333335,1667.0,552.3333333333334,135,64.66666666666667,86095.33333333333,28739.333333333332
304,,,남자,141700.33333333334,11268.333333333334,10502.333333333334,10932,11648.333333333334,5130.666666666667,3333.6666666666665,2133,1140.3333333333333,444.6666666666667,128.66666666666666,31,16.333333333333332,44351.0,12358.333333333334
305,,,여자,142093.0,10196.333333333334,10133.0,10346,11069.0,5064.0,3839.6666666666665,3310,2369.0,1222.3333333333333,423.6666666666667,104,48.333333333333336,41744.333333333336,16381.0
306,,광명시,합계,339484.0,22257.0,21117.0,24657,29285.0,12734.0,9414.0,7090,4369.0,1991.0,646.0,182,123.0,97316.0,36549.0
307,,,남자,168241.0,11934.0,10754.0,12353,14468.0,6183.0,4189.0,2896,1444.0,539.0,142.0,46,29.0,49509.0,15468.0
308,,,여자,171243.0,10323.0,10363.0,12304,14817.0,6551.0,5225.0,4194,2925.0,1452.0,504.0,136,94.0,47807.0,21081.0
309,,평택시,합계,470832.0,31594.0,29256.0,33433,39762.0,16131.0,13542.0,11596,7144.0,3133.0,1066.0,275,203.0,134045.0,53090.0
310,,,남자,240345.0,16754.0,15936.0,17608,21075.0,7504.0,5975.0,4748,2601.0,890.0,278.0,92,60.0,71373.0,22148.0
311,,,여자,230487.0,14840.0,13320.0,15825,18687.0,8627.0,7567.0,6848,4543.0,2243.0,788.0,183,143.0,62672.0,30942.0
312,,동두천시,합계,98277.0,6119.0,5218.0,5918,6946.0,4535.0,4211.0,3845,2170.0,938.0,315.0,87,71.0,24201.0,16172.0
313,,,남자,48970.0,3309.0,2726.0,3007,3525.0,2017.0,1773.0,1508,845.0,306.0,93.0,29,20.0,12567.0,6591.0
314,,,여자,49307.0,2810.0,2492.0,2911,3421.0,2518.0,2438.0,2337,1325.0,632.0,222.0,58,51.0,11634.0,9581.0
315,,안산시,합계,689859.0,58366.0,49333.0,46848,52665.0,18378.0,14219.0,11748,7819.0,3366.0,1243.0,280,97.0,207212.0,57150.0
316,,,남자,353394.0,30543.0,26364.0,25387,27628.0,9119.0,6356.0,4522,2576.0,908.0,276.0,61,23.0,109922.0,23841.0
317,,,여자,336465.0,27823.0,22969.0,21461,25037.0,9259.0,7863.0,7226,5243.0,2458.0,967.0,219,74.0,97290.0,33309.0
318,,상록구,합계,375857.0,32556.0,27220.0,25872,28325.0,10073.0,8267.0,6877,4509.0,1927.0,749.0,174,44.0,113973.0,32620.0
319,,,남자,191479.0,17015.0,14459.0,13990,14838.0,4910.0,3607.0,2637,1505.0,538.0,163.0,43,8.0,60302.0,13411.0
320,,,여자,184378.0,15541.0,12761.0,11882,13487.0,5163.0,4660.0,4240,3004.0,1389.0,586.0,131,36.0,53671.0,19209.0
321,,단원구,합계,314002.0,25810.0,22113.0,20976,24340.0,8305.0,5952.0,4871,3310.0,1439.0,494.0,106,53.0,93239.0,24530.0
322,,,남자,161915.0,13528.0,11905.0,11397,12790.0,4209.0,2749.0,1885,1071.0,370.0,113.0,18,15.0,49620.0,10430.0
323,,,여자,152087.0,12282.0,10208.0,9579,11550.0,4096.0,3203.0,2986,2239.0,1069.0,381.0,88,38.0,43619.0,14100.0
324,,고양시,합계,1039684.0,78192.0,67006.0,65622,77923.0,32623.0,29284.0,25220,16284.0,7384.0,2454.0,594,249.0,288743.0,114092.0
325,,,남자,510923.0,40672.0,33359.0,32305,37387.0,14887.0,12483.0,10287,6044.0,2271.0,656.0,176,62.0,143723.0,46866.0
326,,,여자,528761.0,37520.0,33647.0,33317,40536.0,17736.0,16801.0,14933,10240.0,5113.0,1798.0,418,187.0,145020.0,67226.0
327,,덕양구,합계,446233.0,31659.0,27925.0,29610,35499.0,16176.0,14389.0,11935,7160.0,3208.0,1102.0,283,159.0,124693.0,54412.0
328,,,남자,221496.0,16532.0,14133.0,14887,17585.0,7413.0,6165.0,5020,2617.0,973.0,278.0,87,34.0,63137.0,22587.0
329,,,여자,224737.0,15127.0,13792.0,14723,17914.0,8763.0,8224.0,6915,4543.0,2235.0,824.0,196,125.0,61556.0,31825.0
330,,일산동구,합계,292612.0,23123.0,20469.0,18764,21344.0,8223.0,7363.0,6277,4430.0,2012.0,716.0,153,42.0,83700.0,29216.0
331,,,남자,142947.0,11947.0,10016.0,9185,9981.0,3794.0,3171.0,2507,1630.0,615.0,193.0,47,15.0,41129.0,11972.0
332,,,여자,149665.0,11176.0,10453.0,9579,11363.0,4429.0,4192.0,3770,2800.0,1397.0,523.0,106,27.0,42571.0,17244.0
333,,일산서구,합계,300839.0,23410.0,18612.0,17248,21080.0,8224.0,7532.0,7008,4694.0,2164.0,636.0,158,48.0,80350.0,30464.0
334,,,남자,146480.0,12193.0,9210.0,8233,9821.0,3680.0,3147.0,2760,1797.0,683.0,185.0,42,13.0,39457.0,12307.0
335,,,여자,154359.0,11217.0,9402.0,9015,11259.0,4544.0,4385.0,4248,2897.0,1481.0,451.0,116,35.0,40893.0,18157.0
336,,과천시,합계,63778.0,4657.0,4272.0,3948,4020.0,2291.0,1918.0,1510,1103.0,590.0,222.0,61,40.0,16897.0,7735.0
337,,,남자,31013.0,2398.0,2252.0,2021,1911.0,1055.0,826.0,611,387.0,165.0,53.0,16,4.0,8582.0,3117.0
338,,,여자,32765.0,2259.0,2020.0,1927,2109.0,1236.0,1092.0,899,716.0,425.0,169.0,45,36.0,8315.0,4618.0
339,,구리시,합계,193763.0,14510.0,12305.0,12787,15071.0,6818.0,5621.0,4229,2335.0,1069.0,379.0,111,61.0,54673.0,20623.0
340,,,남자,96397.0,7603.0,6238.0,6339,7552.0,3273.0,2543.0,1802,846.0,300.0,94.0,26,19.0,27732.0,8903.0
341,,,여자,97366.0,6907.0,6067.0,6448,7519.0,3545.0,3078.0,2427,1489.0,769.0,285.0,85,42.0,26941.0,11720.0
342,,남양주시,합계,662154.0,42538.0,34378.0,40546,56789.0,25080.0,20586.0,15512,8958.0,3927.0,1397.0,354,172.0,174251.0,75986.0
343,,,남자,330749.0,22288.0,17714.0,19720,27694.0,11938.0,9452.0,6782,3349.0,1138.0,338.0,102,51.0,87416.0,33150.0
344,,,여자,331405.0,20250.0,16664.0,20826,29095.0,13142.0,11134.0,8730,5609.0,2789.0,1059.0,252,121.0,86835.0,42836.0
345,,오산시,합계,208656.0,13125.0,13371.0,18323,22442.0,5283.0,4334.0,3315,1946.0,749.0,287.0,68,33.0,67261.0,16015.0
346,,,남자,107056.0,6866.0,7144.0,9601,11763.0,2512.0,1865.0,1383,737.0,189.0,67.0,17,7.0,35374.0,6777.0
347,,,여자,101600.0,6259.0,6227.0,8722,10679.0,2771.0,2469.0,1932,1209.0,560.0,220.0,51,26.0,31887.0,9238.0
348,,시흥시,합계,402888.0,30872.0,25124.0,26414,33961.0,10156.0,8022.0,6782,4073.0,1782.0,622.0,153,60.0,116371.0,31650.0
349,,,남자,211392.0,16630.0,13775.0,14240,18224.0,5037.0,3574.0,2628,1384.0,450.0,142.0,33,18.0,62869.0,13266.0
350,,,여자,191496.0,14242.0,11349.0,12174,15737.0,5119.0,4448.0,4154,2689.0,1332.0,480.0,120,42.0,53502.0,18384.0
351,,군포시,합계,284890.0,19929.0,19253.0,21719,23331.0,8987.0,7040.0,5816,3968.0,1884.0,616.0,168,51.0,84232.0,28530.0
352,,,남자,141647.0,10468.0,9802.0,11120,11793.0,4447.0,3104.0,2329,1444.0,588.0,157.0,44,13.0,43183.0,12126.0
353,,,여자,143243.0,9461.0,9451.0,10599,11538.0,4540.0,3936.0,3487,2524.0,1296.0,459.0,124,38.0,41049.0,16404.0
354,,의왕시,합계,156763.0,11549.0,10712.0,10678,11937.0,5548.0,4185.0,3325,2197.0,1113.0,406.0,98,40.0,44876.0,16912.0
355,,,남자,78304.0,6075.0,5622.0,5580,6048.0,2768.0,1925.0,1406,738.0,318.0,97.0,21,9.0,23325.0,7282.0
356,,,여자,78459.0,5474.0,5090.0,5098,5889.0,2780.0,2260.0,1919,1459.0,795.0,309.0,77,31.0,21551.0,9630.0
357,,하남시,합계,211101.0,12702.0,12650.0,15937,20543.0,8771.0,6058.0,4075,2445.0,1209.0,525.0,132,91.0,61832.0,23306.0
358,,,남자,106472.0,6709.0,6474.0,8016,10440.0,4469.0,3029.0,1844,816.0,287.0,114.0,38,25.0,31639.0,10622.0
359,,,여자,104629.0,5993.0,6176.0,7921,10103.0,4302.0,3029.0,2231,1629.0,922.0,411.0,94,66.0,30193.0,12684.0
360,,용인시,합계,991126.0,64305.0,53070.0,63772,89029.0,35087.0,29909.0,22258,12802.0,6017.0,2193.0,559,143.0,270176.0,108968.0
361,,,남자,492374.0,33154.0,27304.0,31054,42766.0,15826.0,13937.0,10400,5207.0,1888.0,554.0,119,25.0,134278.0,47956.0
362,,,여자,498752.0,31151.0,25766.0,32718,46263.0,19261.0,15972.0,11858,7595.0,4129.0,1639.0,440,118.0,135898.0,61012.0
363,,처인구,합계,226130.0,16332.0,13083.0,14782,17857.0,8571.0,7097.0,5733,3776.0,1724.0,631.0,152,64.0,62054.0,27748.0
364,,,남자,115841.0,8595.0,7138.0,7774,9304.0,4154.0,3274.0,2428,1457.0,477.0,149.0,41,12.0,32811.0,11992.0
365,,,여자,110289.0,7737.0,5945.0,7008,8553.0,4417.0,3823.0,3305,2319.0,1247.0,482.0,111,52.0,29243.0,15756.0
366,,기흥구,합계,417163.0,25641.0,21796.0,27666,40421.0,14056.0,11865.0,8690,4783.0,2355.0,818.0,222,43.0,115524.0,42832.0
367,,,남자,206316.0,13206.0,11104.0,13284,19272.0,6205.0,5545.0,4086,1949.0,777.0,214.0,47,8.0,56866.0,18831.0
368,,,여자,210847.0,12435.0,10692.0,14382,21149.0,7851.0,6320.0,4604,2834.0,1578.0,604.0,175,35.0,58658.0,24001.0
369,,수지구,합계,347833.0,22332.0,18191.0,21324,30751.0,12460.0,10947.0,7835,4243.0,1938.0,744.0,185,36.0,92598.0,38388.0
370,,,남자,170217.0,11353.0,9062.0,9996,14190.0,5467.0,5118.0,3886,1801.0,634.0,191.0,31,5.0,44601.0,17133.0
371,,,여자,177616.0,10979.0,9129.0,11328,16561.0,6993.0,5829.0,3949,2442.0,1304.0,553.0,154,31.0,47997.0,21255.0
372,,파주시,합계,430781.0,26510.0,26349.0,31171,36481.0,15083.0,13698.0,11567,6854.0,3219.0,1095.0,296,168.0,120511.0,51980.0
373,,,남자,218565.0,13434.0,14186.0,16939,18600.0,7004.0,6102.0,4851,2637.0,998.0,281.0,83,49.0,63159.0,22005.0
374,,,여자,212216.0,13076.0,12163.0,14232,17881.0,8079.0,7596.0,6716,4217.0,2221.0,814.0,213,119.0,57352.0,29975.0
375,,이천시,합계,210359.0,13696.0,13063.0,14941,16877.0,7428.0,6400.0,5543,3636.0,1610.0,585.0,134,44.0,58577.0,25380.0
376,,,남자,107044.0,7298.0,6769.0,7795,8689.0,3624.0,2958.0,2334,1315.0,464.0,152.0,31,13.0,30551.0,10891.0
377,,,여자,103315.0,6398.0,6294.0,7146,8188.0,3804.0,3442.0,3209,2321.0,1146.0,433.0,103,31.0,28026.0,14489.0
378,,안성시,합계,182896.0,11233.0,9792.0,11830,14801.0,7615.0,6509.0,5934,4044.0,1731.0,603.0,128,42.0,47656.0,26606.0
379,,,남자,93389.0,6073.0,5279.0,6318,7780.0,3700.0,2932.0,2480,1440.0,444.0,154.0,26,8.0,25450.0,11184.0
380,,,여자,89507.0,5160.0,4513.0,5512,7021.0,3915.0,3577.0,3454,2604.0,1287.0,449.0,102,34.0,22206.0,15422.0
381,,김포시,합계,363443.0,20941.0,18492.0,24864,35284.0,13548.0,10774.0,8019,4879.0,2230.0,831.0,170,54.0,99581.0,40505.0
382,,,남자,182597.0,11105.0,9389.0,11835,17592.0,6634.0,5030.0,3450,1830.0,640.0,200.0,46,17.0,49921.0,17847.0
383,,,여자,180846.0,9836.0,9103.0,13029,17692.0,6914.0,5744.0,4569,3049.0,1590.0,631.0,124,37.0,49660.0,22658.0
384,,화성시,합계,640890.0,34571.0,36324.0,52729,69905.0,17318.0,13439.0,10751,6905.0,3087.0,1031.0,260,84.0,193529.0,52875.0
385,,,남자,330923.0,18254.0,19080.0,26708,36259.0,8473.0,6248.0,4548,2505.0,799.0,248.0,47,28.0,100301.0,22896.0
386,,,여자,309967.0,16317.0,17244.0,26021,33646.0,8845.0,7191.0,6203,4400.0,2288.0,783.0,213,56.0,93228.0,29979.0
387,,광주시,합계,327723.0,19799.0,18732.0,25876,30356.0,12582.0,9297.0,6735,3913.0,1765.0,693.0,153,65.0,94763.0,35203.0
388,,,남자,168345.0,10514.0,9710.0,13456,16010.0,6322.0,4592.0,3002,1456.0,488.0,137.0,46,18.0,49690.0,16061.0
389,,,여자,159378.0,9285.0,9022.0,12420,14346.0,6260.0,4705.0,3733,2457.0,1277.0,556.0,107,47.0,45073.0,19142.0
390,,양주시,합계,205513.0,12746.0,10544.0,11651,15588.0,8432.0,7320.0,5565,3298.0,1408.0,518.0,126,41.0,50529.0,26708.0
391,,,남자,104235.0,6710.0,5698.0,6019,7710.0,4075.0,3467.0,2407,1284.0,408.0,131.0,24,11.0,26137.0,11807.0
392,,,여자,101278.0,6036.0,4846.0,5632,7878.0,4357.0,3853.0,3158,2014.0,1000.0,387.0,102,30.0,24392.0,14901.0
393,,포천시,합계,154763.0,10206.0,8618.0,8175,9355.0,6973.0,6233.0,5490,3379.0,1467.0,565.0,127,58.0,36354.0,24292.0
394,,,남자,81291.0,5699.0,4815.0,4513,4943.0,3505.0,2839.0,2276,1272.0,425.0,156.0,37,18.0,19970.0,10528.0
395,,,여자,73472.0,4507.0,3803.0,3662,4412.0,3468.0,3394.0,3214,2107.0,1042.0,409.0,90,40.0,16384.0,13764.0
396,,여주시,합계,111563.0,6768.0,5553.0,6113,7415.0,5474.0,5001.0,4480,2862.0,1334.0,475.0,111,41.0,25849.0,19778.0
397,,,남자,56445.0,3648.0,3066.0,3121,3794.0,2760.0,2330.0,1935,1076.0,378.0,92.0,19,15.0,13629.0,8605.0
398,,,여자,55118.0,3120.0,2487.0,2992,3621.0,2714.0,2671.0,2545,1786.0,956.0,383.0,92,26.0,12220.0,11173.0
399,,연천군,합계,45907.0,3064.0,2937.0,2467,2478.0,2650.0,2618.0,2420,1479.0,649.0,236.0,79,31.0,10946.0,10162.0
400,,,남자,24090.0,1984.0,1863.0,1403,1285.0,1259.0,1198.0,1014,589.0,196.0,59.0,23,10.0,6535.0,4348.0
401,,,여자,21817.0,1080.0,1074.0,1064,1193.0,1391.0,1420.0,1406,890.0,453.0,177.0,56,21.0,4411.0,5814.0
402,,가평군,합계,62448.0,3346.0,2980.0,2983,3486.0,3561.0,3581.0,3059,2047.0,888.0,315.0,81,37.0,12795.0,13569.0
403,,,남자,31981.0,1877.0,1710.0,1601,1836.0,1778.0,1665.0,1326,787.0,283.0,86.0,19,16.0,7024.0,5960.0
404,,,여자,30467.0,1469.0,1270.0,1382,1650.0,1783.0,1916.0,1733,1260.0,605.0,229.0,62,21.0,5771.0,7609.0
405,,양평군,합계,111367.0,5718.0,5059.0,5249,6573.0,6807.0,6276.0,4969,3313.0,1500.0,545.0,158,46.0,22599.0,23614.0
406,,,남자,56285.0,3148.0,2851.0,2756,3233.0,3383.0,3058.0,2239,1264.0,429.0,160.0,35,11.0,11988.0,10579.0
407,,,여자,55082.0,2570.0,2208.0,2493,3340.0,3424.0,3218.0,2730,2049.0,1071.0,385.0,123,35.0,10611.0,13035.0
409,,,남자,781146.0,58555.0,45614.0,44880,51230.0,33646.0,31887.0,25993,12725.0,4650.0,1721.0,384,211.0,200279.0,111217.0
410,,,여자,769660.0,45117.0,35583.0,39761,49536.0,37189.0,38733.0,36169,23591.0,12822.0,4806.0,1180,445.0,169997.0,154935.0
411,,춘천시,합계,280707.0,19559.0,16246.0,17122,19668.0,10490.0,11167.0,9872,5878.0,2883.0,1048.0,263,98.0,72595.0,41699.0
412,,,남자,138251.0,10201.0,8459.0,8775,9738.0,4813.0,4995.0,4097,2103.0,836.0,299.0,75,41.0,37173.0,17259.0
413,,,여자,142456.0,9358.0,7787.0,8347,9930.0,5677.0,6172.0,5775,3775.0,2047.0,749.0,188,57.0,35422.0,24440.0
414,,원주시,합계,337979.0,23504.0,19043.0,21263,25109.0,11207.0,10876.0,9926,6081.0,2850.0,994.0,226,86.0,88919.0,42246.0
415,,,남자,167854.0,12540.0,9947.0,10890,12378.0,5294.0,4815.0,4055,2113.0,762.0,283.0,40,22.0,45755.0,17384.0
416,,,여자,170125.0,10964.0,9096.0,10373,12731.0,5913.0,6061.0,5871,3968.0,2088.0,711.0,186,64.0,43164.0,24862.0
417,,강릉시,합계,213846.0,14536.0,10268.0,10765,13815.0,10657.0,10041.0,8314,4926.0,2459.0,975.0,230,77.0,49384.0,37679.0
418,,,남자,106231.0,8004.0,5685.0,5603,6994.0,5027.0,4571.0,3486,1775.0,635.0,204.0,49,20.0,26286.0,15767.0
419,,,여자,107615.0,6532.0,4583.0,5162,6821.0,5630.0,5470.0,4828,3151.0,1824.0,771.0,181,57.0,23098.0,21912.0
420,,동해시,합계,93297.0,5677.0,4033.0,4964,6590.0,4495.0,4111.0,3288,1931.0,904.0,302.0,66,27.0,21264.0,15124.0
421,,,남자,47166.0,3280.0,2226.0,2690,3315.0,2165.0,1859.0,1394,675.0,221.0,57.0,13,8.0,11511.0,6392.0
422,,,여자,46131.0,2397.0,1807.0,2274,3275.0,2330.0,2252.0,1894,1256.0,683.0,245.0,53,19.0,9753.0,8732.0
423,,태백시,합계,47070.0,2666.0,1845.0,2204,3261.0,2948.0,2529.0,2048,1089.0,403.0,159.0,44,46.0,9976.0,9266.0
424,,,남자,23899.0,1478.0,1010.0,1174,1671.0,1374.0,1152.0,881,405.0,98.0,35.0,15,18.0,5333.0,3978.0
425,,,여자,23171.0,1188.0,835.0,1030,1590.0,1574.0,1377.0,1167,684.0,305.0,124.0,29,28.0,4643.0,5288.0
426,,속초시,합계,81793.0,5040.0,3922.0,4367,5379.0,3612.0,3450.0,2731,1637.0,902.0,336.0,58,26.0,18708.0,12752.0
427,,,남자,40288.0,2800.0,2180.0,2301,2675.0,1649.0,1491.0,1121,552.0,198.0,95.0,23,10.0,9956.0,5139.0
428,,,여자,41505.0,2240.0,1742.0,2066,2704.0,1963.0,1959.0,1610,1085.0,704.0,241.0,35,16.0,8752.0,7613.0
429,,삼척시,합계,69599.0,5718.0,2978.0,3128,3999.0,3949.0,3720.0,3300,2163.0,1018.0,361.0,60,39.0,15823.0,14610.0
430,,,남자,35253.0,3073.0,1765.0,1731,2139.0,1913.0,1620.0,1275,732.0,260.0,71.0,10,11.0,8708.0,5892.0
431,,,여자,34346.0,2645.0,1213.0,1397,1860.0,2036.0,2100.0,2025,1431.0,758.0,290.0,50,28.0,7115.0,8718.0
432,,홍천군,합계,70076.0,3740.0,3316.0,3334,3768.0,3705.0,3765.0,3717,2250.0,999.0,370.0,86,41.0,14158.0,14933.0
433,,,남자,35738.0,2122.0,1934.0,1857,1987.0,1869.0,1746.0,1635,775.0,276.0,116.0,21,12.0,7900.0,6450.0
434,,,여자,34338.0,1618.0,1382.0,1477,1781.0,1836.0,2019.0,2082,1475.0,723.0,254.0,65,29.0,6258.0,8483.0
435,,횡성군,합계,45991.0,2438.0,1822.0,1926,2115.0,2819.0,2805.0,2790,1669.0,841.0,303.0,77,19.0,8301.0,11323.0
436,,,남자,23398.0,1327.0,1001.0,1035,1149.0,1454.0,1320.0,1252,576.0,239.0,80.0,14,6.0,4512.0,4941.0
437,,,여자,22593.0,1111.0,821.0,891,966.0,1365.0,1485.0,1538,1093.0,602.0,223.0,63,13.0,3789.0,6382.0
438,,영월군,합계,40073.0,2179.0,1535.0,1590,1855.0,2645.0,2579.0,2413,1364.0,608.0,206.0,57,43.0,7159.0,9915.0
439,,,남자,20652.0,1243.0,888.0,904,990.0,1287.0,1163.0,1024,475.0,169.0,66.0,16,15.0,4025.0,4215.0
440,,,여자,19421.0,936.0,647.0,686,865.0,1358.0,1416.0,1389,889.0,439.0,140.0,41,28.0,3134.0,5700.0
441,,평창군,합계,43318.0,2117.0,1723.0,1820,2302.0,2583.0,2533.0,2477,1308.0,569.0,261.0,78,28.0,7962.0,9837.0
442,,,남자,22126.0,1207.0,962.0,998,1210.0,1260.0,1172.0,1071,458.0,146.0,82.0,26,8.0,4377.0,4223.0
443,,,여자,21192.0,910.0,761.0,822,1092.0,1323.0,1361.0,1406,850.0,423.0,179.0,52,20.0,3585.0,5614.0
444,,정선군,합계,38718.0,1731.0,1601.0,1822,2281.0,2488.0,2484.0,2069,1159.0,499.0,226.0,47,36.0,7435.0,9008.0
445,,,남자,19975.0,969.0,866.0,1007,1296.0,1183.0,1174.0,875,389.0,120.0,59.0,16,15.0,4138.0,3831.0
446,,,여자,18743.0,762.0,735.0,815,985.0,1305.0,1310.0,1194,770.0,379.0,167.0,31,21.0,3297.0,5177.0
447,,철원군,합계,48013.0,3817.0,3318.0,2619,2878.0,2322.0,2630.0,2217,1078.0,579.0,190.0,63,33.0,12632.0,9112.0
448,,,남자,25429.0,2692.0,2245.0,1497,1484.0,1080.0,1183.0,924,376.0,162.0,54.0,17,8.0,7918.0,3804.0
449,,,여자,22584.0,1125.0,1073.0,1122,1394.0,1242.0,1447.0,1293,702.0,417.0,136.0,46,25.0,4714.0,5308.0
450,,화천군,합계,26264.0,2556.0,2343.0,1691,1450.0,1066.0,1316.0,1291,637.0,332.0,117.0,33,14.0,8040.0,4806.0
451,,,남자,14554.0,1914.0,1683.0,989,811.0,484.0,621.0,506,228.0,97.0,43.0,6,6.0,5397.0,1991.0
452,,,여자,11710.0,642.0,660.0,702,639.0,582.0,695.0,785,409.0,235.0,74.0,27,8.0,2643.0,2815.0
453,,양구군,합계,24010.0,2155.0,1865.0,1466,1363.0,947.0,1154.0,1000,574.0,294.0,100.0,28,11.0,6849.0,4108.0
454,,,남자,12918.0,1573.0,1254.0,810,731.0,418.0,521.0,394,196.0,79.0,29.0,10,3.0,4368.0,1650.0
455,,,여자,11092.0,582.0,611.0,656,632.0,529.0,633.0,606,378.0,215.0,71.0,18,8.0,2481.0,2458.0
456,,인제군,합계,32720.0,2280.0,2289.0,2161,2231.0,1347.0,1516.0,1397,760.0,375.0,154.0,45,8.0,8961.0,5602.0
457,,,남자,17677.0,1524.0,1545.0,1240,1203.0,659.0,735.0,600,251.0,98.0,50.0,17,3.0,5512.0,2413.0
458,,,여자,15043.0,756.0,744.0,921,1028.0,688.0,781.0,797,509.0,277.0,104.0,28,5.0,3449.0,3189.0
459,,고성군,합계,30114.0,2602.0,1867.0,1268,1286.0,1761.0,1962.0,1714,910.0,517.0,220.0,57,10.0,7023.0,7151.0
460,,,남자,15899.0,1781.0,1271.0,744,698.0,838.0,848.0,704,315.0,124.0,59.0,10,2.0,4494.0,2900.0
461,,,여자,14215.0,821.0,596.0,524,588.0,923.0,1114.0,1010,595.0,393.0,161.0,47,8.0,2529.0,4251.0
462,,양양군,합계,27218.0,1357.0,1183.0,1131,1416.0,1794.0,1982.0,1598,902.0,440.0,205.0,46,14.0,5087.0,6981.0
463,,,남자,13838.0,827.0,693.0,635,761.0,879.0,901.0,699,331.0,130.0,39.0,6,3.0,2916.0,2988.0
464,,,여자,13380.0,530.0,490.0,496,655.0,915.0,1081.0,899,571.0,310.0,166.0,40,11.0,2171.0,3993.0
466,,,남자,803240.0,59054.0,49346.0,52681,58358.0,33096.0,26962.0,21907,12507.0,4100.0,1251.0,236,125.0,219439.0,100184.0
467,,,여자,788385.0,48657.0,41077.0,47426,54125.0,34740.0,33356.0,31892,23786.0,11495.0,3910.0,981,346.0,191285.0,140506.0
468,,청주시,합계,835197.0,61910.0,54957.0,60815,66355.0,28194.0,23144.0,19105,12887.0,5707.0,1898.0,456,162.0,244037.0,91553.0
469,,,남자,419323.0,33439.0,29540.0,31378,33961.0,13603.0,10339.0,7636,4367.0,1409.0,407.0,77,44.0,128318.0,37882.0
470,,,여자,415874.0,28471.0,25417.0,29437,32394.0,14591.0,12805.0,11469,8520.0,4298.0,1491.0,379,118.0,115719.0,53671.0
471,,상당구,합계,173701.0,12978.0,9622.0,9874,11956.0,6916.0,5958.0,5087,3416.0,1536.0,495.0,121,47.0,44430.0,23576.0
472,,,남자,86804.0,7133.0,5129.0,5101,5996.0,3342.0,2624.0,2047,1162.0,411.0,108.0,23,10.0,23359.0,9727.0
473,,,여자,86897.0,5845.0,4493.0,4773,5960.0,3574.0,3334.0,3040,2254.0,1125.0,387.0,98,37.0,21071.0,13849.0
474,,서원구,합계,217120.0,16868.0,13699.0,14274,16137.0,7570.0,6072.0,4998,3350.0,1487.0,550.0,120,40.0,60978.0,24187.0
475,,,남자,107866.0,9212.0,7301.0,7224,8073.0,3587.0,2728.0,2015,1143.0,336.0,110.0,19,12.0,31810.0,9950.0
476,,,여자,109254.0,7656.0,6398.0,7050,8064.0,3983.0,3344.0,2983,2207.0,1151.0,440.0,101,28.0,29168.0,14237.0
477,,흥덕구,합계,253563.0,19702.0,18714.0,19612,20580.0,7635.0,5896.0,4668,3215.0,1417.0,479.0,114,35.0,78608.0,23459.0
478,,,남자,127647.0,10421.0,9993.0,10053,10466.0,3743.0,2657.0,1824,1093.0,332.0,109.0,23,7.0,40933.0,9788.0
479,,,여자,125916.0,9281.0,8721.0,9559,10114.0,3892.0,3239.0,2844,2122.0,1085.0,370.0,91,28.0,37675.0,13671.0
480,,청원구,합계,190813.0,12362.0,12922.0,17055,17682.0,6073.0,5218.0,4352,2906.0,1267.0,374.0,101,40.0,60021.0,20331.0
481,,,남자,97006.0,6673.0,7117.0,9000,9426.0,2931.0,2330.0,1750,969.0,330.0,80.0,12,15.0,32216.0,8417.0
482,,,여자,93807.0,5689.0,5805.0,8055,8256.0,3142.0,2888.0,2602,1937.0,937.0,294.0,89,25.0,27805.0,11914.0
483,,충주시,합계,208350.0,13631.0,10814.0,11541,13371.0,9287.0,8894.0,8229,5319.0,2113.0,719.0,166,63.0,49357.0,34790.0
484,,,남자,104877.0,7587.0,6032.0,6118,6863.0,4418.0,3999.0,3368,1803.0,563.0,212.0,31,13.0,26600.0,14407.0
485,,,여자,103473.0,6044.0,4782.0,5423,6508.0,4869.0,4895.0,4861,3516.0,1550.0,507.0,135,50.0,22757.0,20383.0
486,,제천시,합계,136517.0,9448.0,6428.0,6903,8063.0,6793.0,6354.0,5570,3325.0,1411.0,482.0,135,61.0,30842.0,24131.0
487,,,남자,68444.0,5258.0,3466.0,3656,4183.0,3278.0,2902.0,2296,1214.0,385.0,105.0,27,20.0,16563.0,10227.0
488,,,여자,68073.0,4190.0,2962.0,3247,3880.0,3515.0,3452.0,3274,2111.0,1026.0,377.0,108,41.0,14279.0,13904.0
489,,보은군,합계,34221.0,1643.0,1223.0,1318,1411.0,2424.0,2295.0,2475,1825.0,835.0,274.0,39,20.0,5595.0,10187.0
490,,,남자,17093.0,917.0,665.0,728,787.0,1217.0,994.0,978,647.0,240.0,82.0,5,2.0,3097.0,4165.0
491,,,여자,17128.0,726.0,558.0,590,624.0,1207.0,1301.0,1497,1178.0,595.0,192.0,34,18.0,2498.0,6022.0
492,,옥천군,합계,52267.0,2833.0,1978.0,2213,2794.0,3559.0,3157.0,2876,2287.0,963.0,311.0,80,22.0,9818.0,13255.0
493,,,남자,26251.0,1579.0,1091.0,1177,1526.0,1817.0,1396.0,1171,796.0,263.0,74.0,12,4.0,5373.0,5533.0
494,,,여자,26016.0,1254.0,887.0,1036,1268.0,1742.0,1761.0,1705,1491.0,700.0,237.0,68,18.0,4445.0,7722.0
495,,영동군,합계,50552.0,3214.0,2074.0,1977,2321.0,3438.0,3373.0,3238,2280.0,991.0,330.0,68,32.0,9586.0,13750.0
496,,,남자,25248.0,1857.0,1203.0,1088,1221.0,1633.0,1428.0,1301,810.0,280.0,90.0,16,6.0,5369.0,5564.0
497,,,여자,25304.0,1357.0,871.0,889,1100.0,1805.0,1945.0,1937,1470.0,711.0,240.0,52,26.0,4217.0,8186.0
498,,증평군,합계,37308.0,2350.0,2111.0,2686,2938.0,1446.0,1398.0,1194,816.0,330.0,105.0,28,6.0,10085.0,5323.0
499,,,남자,19110.0,1282.0,1194.0,1509,1546.0,723.0,614.0,495,251.0,93.0,20.0,9,1.0,5531.0,2206.0
500,,,여자,18198.0,1068.0,917.0,1177,1392.0,723.0,784.0,699,565.0,237.0,85.0,19,5.0,4554.0,3117.0
501,,진천군,합계,69950.0,3994.0,3313.0,4370,5336.0,3005.0,2702.0,2650,1879.0,760.0,242.0,50,18.0,17013.0,11306.0
502,,,남자,36387.0,2223.0,1917.0,2410,2841.0,1523.0,1212.0,1110,638.0,188.0,42.0,13,5.0,9391.0,4731.0
503,,,여자,33563.0,1771.0,1396.0,1960,2495.0,1482.0,1490.0,1540,1241.0,572.0,200.0,37,13.0,7622.0,6575.0
504,,괴산군,합계,38973.0,1797.0,1476.0,1422,1637.0,2983.0,2793.0,2798,1858.0,809.0,264.0,62,25.0,6332.0,11592.0
505,,,남자,19773.0,1032.0,842.0,821,911.0,1539.0,1229.0,1179,648.0,215.0,62.0,13,5.0,3606.0,4890.0
506,,,여자,19200.0,765.0,634.0,601,726.0,1444.0,1564.0,1619,1210.0,594.0,202.0,49,20.0,2726.0,6702.0
507,,음성군,합계,97787.0,5421.0,4920.0,5699,6823.0,4552.0,4236.0,3789,2643.0,1178.0,378.0,86,44.0,22863.0,16906.0
508,,,남자,51372.0,3047.0,2748.0,3164,3725.0,2310.0,2013.0,1580,913.0,329.0,112.0,26,18.0,12684.0,7301.0
509,,,여자,46415.0,2374.0,2172.0,2535,3098.0,2242.0,2223.0,2209,1730.0,849.0,266.0,60,26.0,10179.0,9605.0
510,,단양군,합계,30503.0,1470.0,1129.0,1163,1434.0,2155.0,1972.0,1875,1174.0,498.0,158.0,47,18.0,5196.0,7897.0
511,,,남자,15362.0,833.0,648.0,632,794.0,1035.0,836.0,793,420.0,135.0,45.0,7,7.0,2907.0,3278.0
512,,,여자,15141.0,637.0,481.0,531,640.0,1120.0,1136.0,1082,754.0,363.0,113.0,40,11.0,2289.0,4619.0
514,,,남자,1064765.0,69695.0,63325.0,73471,84060.0,48507.0,36798.0,31047,20592.0,7165.0,1942.0,396,159.0,290551.0,146606.0
515,,,여자,1031962.0,59862.0,53416.0,63620,73384.0,50940.0,45151.0,45813,36019.0,17310.0,6181.0,1509,579.0,250282.0,203502.0
516,,천안시,합계,617955.0,46334.0,43424.0,50824,54152.0,18017.0,13804.0,11827,8026.0,3621.0,1261.0,301,144.0,194734.0,57001.0
517,,,남자,314122.0,23648.0,22403.0,26796,28699.0,8760.0,6206.0,4788,2817.0,1018.0,313.0,71,35.0,101546.0,24008.0
518,,,여자,303833.0,22686.0,21021.0,24028,25453.0,9257.0,7598.0,7039,5209.0,2603.0,948.0,230,109.0,93188.0,32993.0
519,,동남구,합계,258919.0,18640.0,15864.0,17579,21162.0,9478.0,7225.0,6231,4349.0,1978.0,691.0,166,69.0,73245.0,30187.0
520,,,남자,131135.0,9740.0,8284.0,9105,10894.0,4691.0,3283.0,2552,1545.0,559.0,174.0,38,16.0,38023.0,12858.0
521,,,여자,127784.0,8900.0,7580.0,8474,10268.0,4787.0,3942.0,3679,2804.0,1419.0,517.0,128,53.0,35222.0,17329.0
522,,서북구,합계,359036.0,27694.0,27560.0,33245,32990.0,8539.0,6579.0,5596,3677.0,1643.0,570.0,135,75.0,121489.0,26814.0
523,,,남자,182987.0,13908.0,14119.0,17691,17805.0,4069.0,2923.0,2236,1272.0,459.0,139.0,33,19.0,63523.0,11150.0
524,,,여자,176049.0,13786.0,13441.0,15554,15185.0,4470.0,3656.0,3360,2405.0,1184.0,431.0,102,56.0,57966.0,15664.0
525,,공주시,합계,109931.0,7250.0,5508.0,5290,6147.0,6586.0,5598.0,5428,4005.0,1848.0,555.0,157,36.0,24195.0,24213.0
526,,,남자,55221.0,3970.0,3123.0,2900,3235.0,3338.0,2466.0,2213,1475.0,557.0,140.0,36,10.0,13228.0,10235.0
527,,,여자,54710.0,3280.0,2385.0,2390,2912.0,3248.0,3132.0,3215,2530.0,1291.0,415.0,121,26.0,10967.0,13978.0
528,,보령시,합계,103873.0,5763.0,4644.0,5180,6317.0,6815.0,5405.0,5009,3511.0,1552.0,505.0,127,44.0,21904.0,22968.0
529,,,남자,52521.0,3363.0,2627.0,2867,3457.0,3251.0,2427.0,2047,1273.0,437.0,114.0,20,10.0,12314.0,9579.0
530,,,여자,51352.0,2400.0,2017.0,2313,2860.0,3564.0,2978.0,2962,2238.0,1115.0,391.0,107,34.0,9590.0,13389.0
531,,아산시,합계,302929.0,17447.0,18017.0,24795,29680.0,10292.0,8551.0,7606,5383.0,2229.0,711.0,210,85.0,89939.0,35067.0
532,,,남자,155692.0,9253.0,9333.0,12946,16111.0,4902.0,3742.0,3126,1939.0,632.0,173.0,41,26.0,47643.0,14581.0
533,,,여자,147237.0,8194.0,8684.0,11849,13569.0,5390.0,4809.0,4480,3444.0,1597.0,538.0,169,59.0,42296.0,20486.0
534,,서산시,합계,170788.0,9937.0,9205.0,10739,13015.0,8032.0,6618.0,5887,4624.0,1918.0,742.0,151,58.0,42896.0,28030.0
535,,,남자,87770.0,5633.0,5402.0,5859,6806.0,3973.0,3086.0,2435,1650.0,506.0,159.0,29,2.0,23700.0,11840.0
536,,,여자,83018.0,4304.0,3803.0,4880,6209.0,4059.0,3532.0,3452,2974.0,1412.0,583.0,122,56.0,19196.0,16190.0
537,,논산시,합계,123213.0,7318.0,5809.0,5926,6958.0,7607.0,6378.0,6369,4707.0,2105.0,666.0,153,72.0,26011.0,28057.0
538,,,남자,61724.0,3998.0,3306.0,3173,3634.0,3693.0,2806.0,2484,1714.0,648.0,190.0,42,16.0,14111.0,11593.0
539,,,여자,61489.0,3320.0,2503.0,2753,3324.0,3914.0,3572.0,3885,2993.0,1457.0,476.0,111,56.0,11900.0,16464.0
540,,계룡시,합계,42634.0,2916.0,1834.0,2207,3360.0,1176.0,866.0,781,611.0,277.0,105.0,24,7.0,10317.0,3847.0
541,,,남자,21148.0,1577.0,1020.0,1073,1576.0,586.0,379.0,281,191.0,72.0,22.0,6,0.0,5246.0,1537.0
542,,,여자,21486.0,1339.0,814.0,1134,1784.0,590.0,487.0,500,420.0,205.0,83.0,18,7.0,5071.0,2310.0
543,,당진시,합계,166630.0,8639.0,9469.0,12309,13909.0,7891.0,6281.0,6082,4460.0,1874.0,626.0,176,55.0,44326.0,27445.0
544,,,남자,87388.0,4811.0,5558.0,6972,7629.0,3904.0,2930.0,2523,1644.0,566.0,155.0,31,12.0,24970.0,11765.0
545,,,여자,79242.0,3828.0,3911.0,5337,6280.0,3987.0,3351.0,3559,2816.0,1308.0,471.0,145,43.0,19356.0,15680.0
546,,금산군,합계,54612.0,2648.0,2171.0,2225,2858.0,3839.0,3477.0,3397,2494.0,987.0,324.0,60,28.0,9902.0,14606.0
547,,,남자,27558.0,1486.0,1214.0,1216,1532.0,1896.0,1551.0,1304,883.0,281.0,78.0,11,8.0,5448.0,6012.0
548,,,여자,27054.0,1162.0,957.0,1009,1326.0,1943.0,1926.0,2093,1611.0,706.0,246.0,49,20.0,4454.0,8594.0
549,,부여군,합계,70187.0,3807.0,2703.0,2618,3042.0,5273.0,4628.0,4766,3668.0,1697.0,582.0,111,47.0,12170.0,20772.0
550,,,남자,34837.0,2184.0,1513.0,1435,1690.0,2538.0,2099.0,1911,1349.0,527.0,128.0,16,7.0,6822.0,8575.0
551,,,여자,35350.0,1623.0,1190.0,1183,1352.0,2735.0,2529.0,2855,2319.0,1170.0,454.0,95,40.0,5348.0,12197.0
552,,서천군,합계,56012.0,2720.0,2041.0,2045,2555.0,4626.0,3963.0,3947,3030.0,1437.0,447.0,97,37.0,9361.0,17584.0
553,,,남자,27539.0,1539.0,1137.0,1151,1392.0,2252.0,1720.0,1556,1156.0,417.0,95.0,20,5.0,5219.0,7221.0
554,,,여자,28473.0,1181.0,904.0,894,1163.0,2374.0,2243.0,2391,1874.0,1020.0,352.0,77,32.0,4142.0,10363.0
555,,청양군,합계,32753.0,1675.0,1304.0,1259,1379.0,2480.0,2220.0,2460,2032.0,834.0,243.0,40,20.0,5617.0,10329.0
556,,,남자,16389.0,948.0,758.0,723,778.0,1238.0,980.0,969,781.0,245.0,75.0,11,1.0,3207.0,4300.0
557,,,여자,16364.0,727.0,546.0,536,601.0,1242.0,1240.0,1491,1251.0,589.0,168.0,29,19.0,2410.0,6029.0
558,,홍성군,합계,99971.0,5491.0,4666.0,5404,6558.0,5840.0,4857.0,4698,3700.0,1530.0,542.0,102,46.0,22119.0,21315.0
559,,,남자,49769.0,2987.0,2528.0,2819,3357.0,2819.0,2163.0,1864,1379.0,502.0,124.0,23,15.0,11691.0,8889.0
560,,,여자,50202.0,2504.0,2138.0,2585,3201.0,3021.0,2694.0,2834,2321.0,1028.0,418.0,79,31.0,10428.0,12426.0
561,,예산군,합계,81339.0,4411.0,3392.0,3352,3960.0,5928.0,5045.0,5078,3811.0,1539.0,448.0,122,35.0,15115.0,22006.0
562,,,남자,40827.0,2444.0,1956.0,1878,2172.0,2859.0,2240.0,2092,1437.0,468.0,106.0,23,5.0,8450.0,9230.0
563,,,여자,40512.0,1967.0,1436.0,1474,1788.0,3069.0,2805.0,2986,2374.0,1071.0,342.0,99,30.0,6665.0,12776.0
564,,태안군,합계,63900.0,3201.0,2554.0,2918,3554.0,5045.0,4258.0,3525,2549.0,1027.0,366.0,74,24.0,12227.0,16868.0
565,,,남자,32260.0,1854.0,1447.0,1663,1992.0,2498.0,2003.0,1454,904.0,289.0,70.0,16,7.0,6956.0,7241.0
566,,,여자,31640.0,1347.0,1107.0,1255,1562.0,2547.0,2255.0,2071,1645.0,738.0,296.0,58,17.0,5271.0,9627.0
568,,,남자,927505.0,66827.0,50509.0,53252,63359.0,47933.0,36068.0,29015,17516.0,6542.0,1700.0,318,141.0,233947.0,139233.0
569,,,여자,937286.0,57840.0,44160.0,49429,59611.0,52011.0,46320.0,44553,33782.0,17479.0,5770.0,1499,556.0,211040.0,201970.0
570,,전주시,합계,651744.0,50245.0,38911.0,40893,47599.0,27596.0,20504.0,16165,10451.0,4836.0,1492.0,383,128.0,177648.0,81555.0
571,,,남자,321048.0,26442.0,20223.0,20548,23564.0,13041.0,9300.0,6726,3700.0,1369.0,312.0,48,26.0,90777.0,34522.0
572,,,여자,330696.0,23803.0,18688.0,20345,24035.0,14555.0,11204.0,9439,6751.0,3467.0,1180.0,335,102.0,86871.0,47033.0
573,,완산구,합계,361845.0,28422.0,21618.0,22309,25423.0,15447.0,11217.0,8845,5846.0,2819.0,851.0,238,61.0,97772.0,45324.0
574,,,남자,176778.0,14856.0,11183.0,11196,12509.0,7318.0,5056.0,3629,1991.0,769.0,169.0,34,14.0,49744.0,18980.0
575,,,여자,185067.0,13566.0,10435.0,11113,12914.0,8129.0,6161.0,5216,3855.0,2050.0,682.0,204,47.0,48028.0,26344.0
576,,덕진구,합계,289899.0,21823.0,17293.0,18584,22176.0,12149.0,9287.0,7320,4605.0,2017.0,641.0,145,67.0,79876.0,36231.0
577,,,남자,144270.0,11586.0,9040.0,9352,11055.0,5723.0,4244.0,3097,1709.0,600.0,143.0,14,12.0,41033.0,15542.0
578,,,여자,145629.0,10237.0,8253.0,9232,11121.0,6426.0,5043.0,4223,2896.0,1417.0,498.0,131,55.0,38843.0,20689.0
579,,군산시,합계,277551.0,17181.0,13706.0,17312,21318.0,14178.0,10899.0,8332,5535.0,2723.0,831.0,215,97.0,69517.0,42810.0
580,,,남자,140793.0,9275.0,7454.0,9170,11289.0,6869.0,4970.0,3401,1927.0,669.0,179.0,48,30.0,37188.0,18093.0
581,,,여자,136758.0,7906.0,6252.0,8142,10029.0,7309.0,5929.0,4931,3608.0,2054.0,652.0,167,67.0,32329.0,24717.0
582,,익산시,합계,300479.0,22316.0,16268.0,16653,19731.0,14915.0,11683.0,10019,7078.0,3425.0,1101.0,212,98.0,74968.0,48531.0
583,,,남자,149740.0,11989.0,8782.0,8783,10134.0,7244.0,5190.0,3866,2439.0,898.0,258.0,39,18.0,39688.0,19952.0
584,,,여자,150739.0,10327.0,7486.0,7870,9597.0,7671.0,6493.0,6153,4639.0,2527.0,843.0,173,80.0,35280.0,28579.0
585,,정읍시,합계,115173.0,6973.0,4743.0,4908,6373.0,7350.0,6720.0,6349,4770.0,2162.0,599.0,196,82.0,22997.0,28228.0
586,,,남자,57008.0,3790.0,2633.0,2643,3317.0,3533.0,2817.0,2474,1592.0,571.0,136.0,32,16.0,12383.0,11171.0
587,,,여자,58165.0,3183.0,2110.0,2265,3056.0,3817.0,3903.0,3875,3178.0,1591.0,463.0,164,66.0,10614.0,17057.0
588,,남원시,합계,84188.0,4845.0,3310.0,3461,4394.0,5455.0,4739.0,4755,3463.0,1608.0,531.0,131,29.0,16010.0,20711.0
589,,,남자,41341.0,2680.0,1764.0,1822,2193.0,2560.0,1931.0,1862,1164.0,477.0,135.0,21,6.0,8459.0,8156.0
590,,,여자,42847.0,2165.0,1546.0,1639,2201.0,2895.0,2808.0,2893,2299.0,1131.0,396.0,110,23.0,7551.0,12555.0
591,,김제시,합계,87782.0,4707.0,3503.0,3762,4519.0,6454.0,5655.0,5584,4268.0,2050.0,630.0,142,67.0,16491.0,24850.0
592,,,남자,43527.0,2539.0,1911.0,2054,2494.0,3073.0,2462.0,2150,1365.0,579.0,154.0,31,8.0,8998.0,9822.0
593,,,여자,44255.0,2168.0,1592.0,1708,2025.0,3381.0,3193.0,3434,2903.0,1471.0,476.0,111,59.0,7493.0,15028.0
594,,완주군,합계,95480.0,5377.0,4387.0,5730,6986.0,5337.0,4474.0,4132,2927.0,1377.0,437.0,99,30.0,22480.0,18813.0
595,,,남자,48950.0,2889.0,2328.0,2942,3761.0,2695.0,1987.0,1623,1016.0,379.0,85.0,22,6.0,11920.0,7813.0
596,,,여자,46530.0,2488.0,2059.0,2788,3225.0,2642.0,2487.0,2509,1911.0,998.0,352.0,77,24.0,10560.0,11000.0
597,,진안군,합계,26069.0,1196.0,896.0,977,1169.0,1999.0,1881.0,1897,1466.0,606.0,215.0,44,25.0,4238.0,8133.0
598,,,남자,13037.0,647.0,489.0,478,626.0,977.0,851.0,733,502.0,163.0,56.0,11,9.0,2240.0,3302.0
599,,,여자,13032.0,549.0,407.0,499,543.0,1022.0,1030.0,1164,964.0,443.0,159.0,33,16.0,1998.0,4831.0
600,,무주군,합계,24949.0,1179.0,900.0,907,1231.0,1724.0,1752.0,1895,1301.0,592.0,206.0,45,12.0,4217.0,7527.0
601,,,남자,12371.0,648.0,519.0,492,652.0,797.0,701.0,769,449.0,161.0,57.0,5,4.0,2311.0,2943.0
602,,,여자,12578.0,531.0,381.0,415,579.0,927.0,1051.0,1126,852.0,431.0,149.0,40,8.0,1906.0,4584.0
603,,장수군,합계,23628.0,1152.0,889.0,925,1211.0,1751.0,1518.0,1722,1217.0,528.0,176.0,46,16.0,4177.0,6974.0
604,,,남자,11681.0,648.0,467.0,489,671.0,872.0,635.0,636,409.0,159.0,42.0,7,4.0,2275.0,2764.0
605,,,여자,11947.0,504.0,422.0,436,540.0,879.0,883.0,1086,808.0,369.0,134.0,39,12.0,1902.0,4210.0
606,,임실군,합계,30197.0,1585.0,1337.0,1233,1403.0,2278.0,2136.0,2357,1655.0,825.0,233.0,51,17.0,5558.0,9552.0
607,,,남자,15387.0,914.0,779.0,676,835.0,1090.0,896.0,896,584.0,251.0,56.0,9,4.0,3204.0,3786.0
608,,,여자,14810.0,671.0,558.0,557,568.0,1188.0,1240.0,1461,1071.0,574.0,177.0,42,13.0,2354.0,5766.0
609,,순창군,합계,29949.0,1445.0,1095.0,1202,1516.0,2094.0,2160.0,2350,1547.0,703.0,252.0,65,22.0,5258.0,9193.0
610,,,남자,14427.0,777.0,537.0,585,782.0,966.0,823.0,873,541.0,212.0,63.0,15,1.0,2681.0,3494.0
611,,,여자,15522.0,668.0,558.0,617,734.0,1128.0,1337.0,1477,1006.0,491.0,189.0,50,21.0,2577.0,5699.0
612,,고창군,합계,60597.0,3406.0,2451.0,2401,2759.0,4448.0,4307.0,4305,2885.0,1349.0,423.0,101,39.0,11017.0,17857.0
613,,,남자,29927.0,1888.0,1338.0,1345,1520.0,2146.0,1823.0,1596,940.0,347.0,86.0,13,3.0,6091.0,6954.0
614,,,여자,30670.0,1518.0,1113.0,1056,1239.0,2302.0,2484.0,2709,1945.0,1002.0,337.0,88,36.0,4926.0,10903.0
615,,부안군,합계,57005.0,3060.0,2273.0,2317,2761.0,4365.0,3960.0,3706,2735.0,1237.0,344.0,87,35.0,10411.0,16469.0
616,,,남자,28268.0,1701.0,1285.0,1225,1521.0,2070.0,1682.0,1410,888.0,307.0,81.0,17,6.0,5732.0,6461.0
617,,,여자,28737.0,1359.0,988.0,1092,1240.0,2295.0,2278.0,2296,1847.0,930.0,263.0,70,29.0,4679.0,10008.0
619,,,남자,951889.0,64507.0,47355.0,52819,62615.0,53151.0,41495.0,35701,18897.0,7217.0,1857.0,332,97.0,227296.0,158747.0
620,,,여자,952025.0,53873.0,40688.0,47702,56356.0,56300.0,54725.0,58069,40055.0,21201.0,7354.0,1803,662.0,198619.0,240169.0
621,,목포시,합계,237739.0,16225.0,11815.0,15032,18756.0,10921.0,8746.0,6673,3631.0,1716.0,566.0,114,78.0,61828.0,32445.0
622,,,남자,118474.0,8644.0,6142.0,7813,9686.0,5155.0,3899.0,2631,1152.0,441.0,123.0,27,11.0,32285.0,13439.0
623,,,여자,119265.0,7581.0,5673.0,7219,9070.0,5766.0,4847.0,4042,2479.0,1275.0,443.0,87,67.0,29543.0,19006.0
624,,여수시,합계,288988.0,19807.0,15127.0,16859,19651.0,15753.0,11548.0,9453,5627.0,2956.0,970.0,225,100.0,71444.0,46632.0
625,,,남자,146565.0,10923.0,8406.0,9044,10284.0,7864.0,5236.0,3831,1879.0,702.0,161.0,33,14.0,38657.0,19720.0
626,,,여자,142423.0,8884.0,6721.0,7815,9367.0,7889.0,6312.0,5622,3748.0,2254.0,809.0,192,86.0,32787.0,26912.0
627,,순천시,합계,278548.0,21633.0,14768.0,15973,18854.0,11721.0,8839.0,8149,5435.0,2665.0,895.0,211,46.0,71228.0,37961.0
628,,,남자,138959.0,11720.0,7894.0,8158,9355.0,5766.0,3904.0,3205,1769.0,712.0,183.0,24,7.0,37127.0,15570.0
629,,,여자,139589.0,9913.0,6874.0,7815,9499.0,5955.0,4935.0,4944,3666.0,1953.0,712.0,187,39.0,34101.0,22391.0
630,,나주시,합계,104376.0,5684.0,5360.0,6488,7437.0,6047.0,5810.0,5599,3529.0,1760.0,538.0,148,58.0,24969.0,23489.0
631,,,남자,52528.0,2948.0,2774.0,3368,4003.0,2959.0,2436.0,2046,1123.0,430.0,132.0,33,8.0,13093.0,9167.0
632,,,여자,51848.0,2736.0,2586.0,3120,3434.0,3088.0,3374.0,3553,2406.0,1330.0,406.0,115,50.0,11876.0,14322.0
633,,광양시,합계,155580.0,12024.0,8519.0,9988,11446.0,5361.0,3657.0,3645,2525.0,1293.0,429.0,86,30.0,41977.0,17026.0
634,,,남자,80012.0,6740.0,4782.0,5223,5925.0,2748.0,1570.0,1387,816.0,304.0,70.0,15,4.0,22670.0,6914.0
635,,,여자,75568.0,5284.0,3737.0,4765,5521.0,2613.0,2087.0,2258,1709.0,989.0,359.0,71,26.0,19307.0,10112.0
636,,담양군,합계,47229.0,2608.0,2220.0,2173,2209.0,3397.0,3126.0,3257,2057.0,1003.0,362.0,105,22.0,9210.0,13329.0
637,,,남자,23723.0,1434.0,1146.0,1121,1216.0,1663.0,1335.0,1275,670.0,290.0,78.0,18,4.0,4917.0,5333.0
638,,,여자,23506.0,1174.0,1074.0,1052,993.0,1734.0,1791.0,1982,1387.0,713.0,284.0,87,18.0,4293.0,7996.0
639,,곡성군,합계,30400.0,1659.0,1108.0,1056,1258.0,2215.0,2191.0,2493,1816.0,829.0,296.0,59,13.0,5081.0,9912.0
640,,,남자,14786.0,890.0,607.0,578,685.0,1055.0,900.0,926,590.0,207.0,64.0,8,1.0,2760.0,3751.0
641,,,여자,15614.0,769.0,501.0,478,573.0,1160.0,1291.0,1567,1226.0,622.0,232.0,51,12.0,2321.0,6161.0
642,,구례군,합계,27412.0,1434.0,939.0,1035,1294.0,1951.0,2014.0,2128,1297.0,626.0,185.0,34,15.0,4702.0,8250.0
643,,,남자,13342.0,773.0,501.0,562,709.0,912.0,816.0,793,445.0,166.0,40.0,7,3.0,2545.0,3182.0
644,,,여자,14070.0,661.0,438.0,473,585.0,1039.0,1198.0,1335,852.0,460.0,145.0,27,12.0,2157.0,5068.0
645,,고흥군,합계,67656.0,2952.0,2028.0,2060,2542.0,6255.0,5705.0,6083,4284.0,2110.0,720.0,174,33.0,9582.0,25364.0
646,,,남자,32556.0,1605.0,1087.0,1112,1391.0,2996.0,2462.0,2273,1418.0,601.0,140.0,21,3.0,5195.0,9914.0
647,,,여자,35100.0,1347.0,941.0,948,1151.0,3259.0,3243.0,3810,2866.0,1509.0,580.0,153,30.0,4387.0,15450.0
648,,보성군,합계,44469.0,2079.0,1500.0,1688,1923.0,3576.0,3369.0,3875,2606.0,1297.0,403.0,95,48.0,7190.0,15269.0
649,,,남자,21503.0,1186.0,788.0,880,1063.0,1692.0,1379.0,1442,847.0,356.0,91.0,24,6.0,3917.0,5837.0
650,,,여자,22966.0,893.0,712.0,808,860.0,1884.0,1990.0,2433,1759.0,941.0,312.0,71,42.0,3273.0,9432.0
651,,화순군,합계,65303.0,4046.0,2800.0,2712,3486.0,3784.0,3756.0,3914,2459.0,1143.0,357.0,78,25.0,13044.0,15516.0
652,,,남자,32113.0,2089.0,1451.0,1428,1734.0,1795.0,1501.0,1405,753.0,339.0,85.0,13,3.0,6702.0,5894.0
653,,,여자,33190.0,1957.0,1349.0,1284,1752.0,1989.0,2255.0,2509,1706.0,804.0,272.0,65,22.0,6342.0,9622.0
654,,장흥군,합계,40669.0,2152.0,1506.0,1525,1811.0,2970.0,2784.0,3118,2217.0,1088.0,328.0,79,26.0,6994.0,12610.0
655,,,남자,19670.0,1184.0,802.0,815,1021.0,1399.0,1177.0,1177,700.0,279.0,69.0,14,1.0,3822.0,4816.0
656,,,여자,20999.0,968.0,704.0,710,790.0,1571.0,1607.0,1941,1517.0,809.0,259.0,65,25.0,3172.0,7794.0
657,,강진군,합계,37753.0,1902.0,1480.0,1547,1701.0,2793.0,2700.0,2961,1869.0,973.0,271.0,61,27.0,6630.0,11655.0
658,,,남자,18127.0,1041.0,783.0,771,873.0,1311.0,1136.0,1107,587.0,213.0,62.0,12,3.0,3468.0,4431.0
659,,,여자,19626.0,861.0,697.0,776,828.0,1482.0,1564.0,1854,1282.0,760.0,209.0,49,24.0,3162.0,7224.0
660,,해남군,합계,75121.0,3693.0,2750.0,3219,3684.0,5468.0,5257.0,5311,3256.0,1595.0,508.0,119,35.0,13346.0,21549.0
661,,,남자,36538.0,2023.0,1420.0,1571,1884.0,2647.0,2235.0,2039,992.0,365.0,100.0,16,2.0,6898.0,8396.0
662,,,여자,38583.0,1670.0,1330.0,1648,1800.0,2821.0,3022.0,3272,2264.0,1230.0,408.0,103,33.0,6448.0,13153.0
663,,영암군,합계,57045.0,3012.0,2266.0,3084,3566.0,3303.0,3309.0,3391,2210.0,974.0,288.0,66,33.0,11928.0,13574.0
664,,,남자,29253.0,1703.0,1216.0,1684,2107.0,1563.0,1389.0,1251,725.0,237.0,57.0,9,9.0,6710.0,5240.0
665,,,여자,27792.0,1309.0,1050.0,1400,1459.0,1740.0,1920.0,2140,1485.0,737.0,231.0,57,24.0,5218.0,8334.0
666,,무안군,합계,82109.0,4441.0,3257.0,4723,6131.0,4519.0,4060.0,3790,2270.0,1083.0,346.0,78,29.0,18552.0,16175.0
667,,,남자,41153.0,2386.0,1693.0,2448,3145.0,2210.0,1785.0,1412,699.0,244.0,61.0,9,3.0,9672.0,6423.0
668,,,여자,40956.0,2055.0,1564.0,2275,2986.0,2309.0,2275.0,2378,1571.0,839.0,285.0,69,26.0,8880.0,9752.0
669,,함평군,합계,34397.0,1714.0,1258.0,1275,1453.0,2566.0,2700.0,2988,1811.0,862.0,290.0,70,15.0,5700.0,11302.0
670,,,남자,17047.0,956.0,684.0,696,835.0,1202.0,1103.0,1095,557.0,228.0,58.0,11,1.0,3171.0,4255.0
671,,,여자,17350.0,758.0,574.0,579,618.0,1364.0,1597.0,1893,1254.0,634.0,232.0,59,14.0,2529.0,7047.0
672,,영광군,합계,55618.0,3096.0,2475.0,2503,3005.0,3837.0,3782.0,3629,2127.0,934.0,346.0,82,36.0,11079.0,14773.0
673,,,남자,27724.0,1665.0,1371.0,1330,1636.0,1812.0,1616.0,1362,718.0,248.0,51.0,12,2.0,6002.0,5821.0
674,,,여자,27894.0,1431.0,1104.0,1173,1369.0,2025.0,2166.0,2267,1409.0,686.0,295.0,70,34.0,5077.0,8952.0
675,,장성군,합계,46104.0,2303.0,2043.0,2134,2580.0,3113.0,2995.0,3156,2021.0,878.0,284.0,62,37.0,9060.0,12546.0
676,,,남자,23275.0,1241.0,1090.0,1099,1428.0,1476.0,1309.0,1215,678.0,224.0,69.0,9,4.0,4858.0,4984.0
677,,,여자,22829.0,1062.0,953.0,1035,1152.0,1637.0,1686.0,1941,1343.0,654.0,215.0,53,33.0,4202.0,7562.0
678,,완도군,합계,52668.0,2372.0,1870.0,2414,2829.0,4036.0,3891.0,3947,2289.0,1026.0,332.0,76,26.0,9485.0,15623.0
679,,,남자,26285.0,1366.0,1017.0,1320,1598.0,1946.0,1740.0,1542,740.0,244.0,53.0,9,2.0,5301.0,6276.0
680,,,여자,26383.0,1006.0,853.0,1094,1231.0,2090.0,2151.0,2405,1549.0,782.0,279.0,67,24.0,4184.0,9347.0
681,,진도군,합계,32078.0,1512.0,1156.0,1260,1510.0,2452.0,2513.0,2660,1495.0,714.0,209.0,50,12.0,5438.0,10105.0
682,,,남자,15701.0,840.0,635.0,694,834.0,1195.0,1039.0,965,418.0,172.0,43.0,4,1.0,3003.0,3837.0
683,,,여자,16377.0,672.0,521.0,566,676.0,1257.0,1474.0,1695,1077.0,542.0,166.0,46,11.0,2435.0,6268.0
684,,신안군,합계,42652.0,2032.0,1798.0,1773,1845.0,3413.0,3468.0,3550,2121.0,893.0,288.0,63,15.0,7448.0,13811.0
685,,,남자,22555.0,1150.0,1066.0,1104,1203.0,1785.0,1528.0,1322,621.0,215.0,67.0,4,5.0,4523.0,5547.0
686,,,여자,20097.0,882.0,732.0,669,642.0,1628.0,1940.0,2228,1500.0,678.0,221.0,59,10.0,2925.0,8264.0
688,,,남자,1356868.0,92745.0,78786.0,83161,95436.0,70772.0,50718.0,42799,25049.0,8685.0,2422.0,455,171.0,350128.0,201071.0
689,,,여자,1343530.0,74435.0,62337.0,74147,86849.0,74278.0,65351.0,66900,49234.0,24434.0,8491.0,2018,640.0,297768.0,291346.0
690,,포항시,합계,516775.0,33820.0,27676.0,31955,37425.0,24686.0,16916.0,13193,8047.0,3829.0,1253.0,284,88.0,130876.0,68296.0
691,,,남자,261105.0,19278.0,15528.0,16735,19072.0,12501.0,7835.0,5298,2569.0,847.0,236.0,49,23.0,70613.0,29358.0
692,,,여자,255670.0,14542.0,12148.0,15220,18353.0,12185.0,9081.0,7895,5478.0,2982.0,1017.0,235,65.0,60263.0,38938.0
693,,남구,합계,244748.0,15799.0,13571.0,15740,17930.0,11824.0,7900.0,5943,3534.0,1603.0,533.0,131,47.0,63040.0,31515.0
694,,,남자,125811.0,9038.0,7722.0,8505,9303.0,6072.0,3781.0,2400,1093.0,351.0,95.0,27,11.0,34568.0,13830.0
695,,,여자,118937.0,6761.0,5849.0,7235,8627.0,5752.0,4119.0,3543,2441.0,1252.0,438.0,104,36.0,28472.0,17685.0
696,,북구,합계,272027.0,18021.0,14105.0,16215,19495.0,12862.0,9016.0,7250,4513.0,2226.0,720.0,153,41.0,67836.0,36781.0
697,,,남자,135294.0,10240.0,7806.0,8230,9769.0,6429.0,4054.0,2898,1476.0,496.0,141.0,22,12.0,36045.0,15528.0
698,,,여자,136733.0,7781.0,6299.0,7985,9726.0,6433.0,4962.0,4352,3037.0,1730.0,579.0,131,29.0,31791.0,21253.0
699,,경주시,합계,259452.0,16317.0,13113.0,13058,16286.0,14922.0,11760.0,10530,7172.0,3135.0,968.0,230,72.0,58774.0,48789.0
700,,,남자,129944.0,9243.0,7450.0,6925,8592.0,7122.0,5191.0,3993,2286.0,751.0,209.0,45,14.0,32210.0,19611.0
701,,,여자,129508.0,7074.0,5663.0,6133,7694.0,7800.0,6569.0,6537,4886.0,2384.0,759.0,185,58.0,26564.0,29178.0
702,,김천시,합계,142256.0,8698.0,7208.0,8017,9338.0,8011.0,6418.0,6532,4546.0,2152.0,623.0,161,45.0,33261.0,28488.0
703,,,남자,71201.0,4837.0,4006.0,4188,4976.0,3842.0,2739.0,2470,1569.0,613.0,144.0,23,9.0,18007.0,11409.0
704,,,여자,71055.0,3861.0,3202.0,3829,4362.0,4169.0,3679.0,4062,2977.0,1539.0,479.0,138,36.0,15254.0,17079.0
705,,안동시,합계,168798.0,10277.0,7911.0,8699,10721.0,9550.0,8434.0,7779,5319.0,2466.0,874.0,193,57.0,37608.0,34672.0
706,,,남자,83341.0,5668.0,4366.0,4399,5394.0,4683.0,3670.0,3145,1886.0,637.0,203.0,34,13.0,19827.0,14271.0
707,,,여자,85457.0,4609.0,3545.0,4300,5327.0,4867.0,4764.0,4634,3433.0,1829.0,671.0,159,44.0,17781.0,20401.0
708,,구미시,합계,419891.0,32307.0,29355.0,34574,38026.0,10455.0,7423.0,6404,4334.0,2038.0,689.0,171,40.0,134262.0,31554.0
709,,,남자,214600.0,17263.0,15811.0,18175,19681.0,5138.0,3144.0,2371,1383.0,508.0,147.0,29,6.0,70930.0,12726.0
710,,,여자,205291.0,15044.0,13544.0,16399,18345.0,5317.0,4279.0,4033,2951.0,1530.0,542.0,142,34.0,63332.0,18828.0
711,,영주시,합계,109247.0,6147.0,4404.0,4781,6134.0,6926.0,5811.0,5646,3669.0,1720.0,587.0,168,50.0,21466.0,24577.0
712,,,남자,54245.0,3564.0,2543.0,2545,3184.0,3389.0,2550.0,2316,1297.0,472.0,138.0,30,9.0,11836.0,10201.0
713,,,여자,55002.0,2583.0,1861.0,2236,2950.0,3537.0,3261.0,3330,2372.0,1248.0,449.0,138,41.0,9630.0,14376.0
714,,영천시,합계,100521.0,5382.0,4630.0,4868,5421.0,7301.0,5988.0,5721,3925.0,1571.0,430.0,90,37.0,20301.0,25063.0
715,,,남자,50644.0,3048.0,2668.0,2688,2917.0,3602.0,2581.0,2231,1343.0,447.0,113.0,18,11.0,11321.0,10346.0
716,,,여자,49877.0,2334.0,1962.0,2180,2504.0,3699.0,3407.0,3490,2582.0,1124.0,317.0,72,26.0,8980.0,14717.0
717,,상주시,합계,101799.0,5125.0,4059.0,4181,4829.0,7215.0,6123.0,6651,4653.0,2121.0,803.0,157,46.0,18194.0,27769.0
718,,,남자,49824.0,2910.0,2298.0,2259,2569.0,3490.0,2556.0,2478,1561.0,574.0,179.0,31,7.0,10036.0,10876.0
719,,,여자,51975.0,2215.0,1761.0,1922,2260.0,3725.0,3567.0,4173,3092.0,1547.0,624.0,126,39.0,8158.0,16893.0
720,,문경시,합계,74702.0,3922.0,2808.0,3327,3950.0,5235.0,4530.0,4553,2979.0,1338.0,492.0,106,52.0,14007.0,19285.0
721,,,남자,36537.0,2171.0,1560.0,1733,2076.0,2475.0,1930.0,1763,995.0,356.0,109.0,14,14.0,7540.0,7656.0
722,,,여자,38165.0,1751.0,1248.0,1594,1874.0,2760.0,2600.0,2790,1984.0,982.0,383.0,92,38.0,6467.0,11629.0
723,,경산시,합계,258037.0,18388.0,16214.0,17423,19874.0,12189.0,8906.0,7641,4871.0,1990.0,602.0,120,56.0,71899.0,36375.0
724,,,남자,130060.0,10006.0,9151.0,9132,10312.0,5689.0,3992.0,3042,1690.0,543.0,126.0,24,9.0,38601.0,15115.0
725,,,여자,127977.0,8382.0,7063.0,8291,9562.0,6500.0,4914.0,4599,3181.0,1447.0,476.0,96,47.0,33298.0,21260.0
726,,군위군,합계,24171.0,1017.0,834.0,811,916.0,2204.0,1976.0,2114,1548.0,603.0,175.0,38,12.0,3578.0,8670.0
727,,,남자,12156.0,561.0,496.0,432,523.0,1102.0,881.0,844,562.0,165.0,41.0,10,1.0,2012.0,3606.0
728,,,여자,12015.0,456.0,338.0,379,393.0,1102.0,1095.0,1270,986.0,438.0,134.0,28,11.0,1566.0,5064.0
729,,의성군,합계,54014.0,2078.0,1831.0,1785,2022.0,4871.0,4519.0,4868,3526.0,1495.0,486.0,104,27.0,7716.0,19896.0
730,,,남자,26334.0,1168.0,1061.0,988,1173.0,2310.0,1960.0,1931,1240.0,420.0,117.0,21,5.0,4390.0,8004.0
731,,,여자,27680.0,910.0,770.0,797,849.0,2561.0,2559.0,2937,2286.0,1075.0,369.0,83,22.0,3326.0,11892.0
732,,청송군,합계,26301.0,1162.0,947.0,1013,1042.0,2249.0,2072.0,2054,1368.0,604.0,184.0,57,12.0,4164.0,8600.0
733,,,남자,13008.0,676.0,570.0,574,588.0,1119.0,883.0,819,525.0,193.0,41.0,11,4.0,2408.0,3595.0
734,,,여자,13293.0,486.0,377.0,439,454.0,1130.0,1189.0,1235,843.0,411.0,143.0,46,8.0,1756.0,5005.0
735,,영양군,합계,17713.0,747.0,589.0,580,738.0,1385.0,1445.0,1484,927.0,441.0,142.0,34,20.0,2654.0,5878.0
736,,,남자,8724.0,415.0,338.0,297,412.0,673.0,617.0,596,297.0,124.0,42.0,9,4.0,1462.0,2362.0
737,,,여자,8989.0,332.0,251.0,283,326.0,712.0,828.0,888,630.0,317.0,100.0,25,16.0,1192.0,3516.0
738,,영덕군,합계,39052.0,1722.0,1267.0,1424,1701.0,3204.0,3128.0,3171,2040.0,953.0,313.0,68,20.0,6114.0,12897.0
739,,,남자,18607.0,966.0,732.0,746,912.0,1487.0,1233.0,1163,672.0,227.0,71.0,17,6.0,3356.0,4876.0
740,,,여자,20445.0,756.0,535.0,678,789.0,1717.0,1895.0,2008,1368.0,726.0,242.0,51,14.0,2758.0,8021.0
741,,청도군,합계,43564.0,1864.0,1537.0,1593,1866.0,3990.0,3052.0,3250,2498.0,1032.0,357.0,73,22.0,6860.0,14274.0
742,,,남자,21278.0,1065.0,897.0,858,1003.0,1960.0,1358.0,1246,772.0,267.0,84.0,13,1.0,3823.0,5701.0
743,,,여자,22286.0,799.0,640.0,735,863.0,2030.0,1694.0,2004,1726.0,765.0,273.0,60,21.0,3037.0,8573.0
744,,고령군,합계,34257.0,1647.0,1348.0,1458,1788.0,2418.0,1988.0,2116,1486.0,648.0,179.0,43,11.0,6241.0,8889.0
745,,,남자,17485.0,935.0,776.0,777,964.0,1183.0,855.0,803,511.0,181.0,43.0,19,3.0,3452.0,3598.0
746,,,여자,16772.0,712.0,572.0,681,824.0,1235.0,1133.0,1313,975.0,467.0,136.0,24,8.0,2789.0,5291.0
747,,성주군,합계,45205.0,2305.0,1970.0,1999,2071.0,3697.0,2701.0,2700,2036.0,881.0,305.0,57,21.0,8345.0,12398.0
748,,,남자,23166.0,1353.0,1117.0,1049,1166.0,1842.0,1229.0,1113,641.0,251.0,64.0,13,4.0,4685.0,5157.0
749,,,여자,22039.0,952.0,853.0,950,905.0,1855.0,1472.0,1587,1395.0,630.0,241.0,44,17.0,3660.0,7241.0
750,,칠곡군,합계,123199.0,7768.0,7988.0,9801,10893.0,4449.0,3679.0,3555,2348.0,976.0,358.0,71,43.0,36450.0,15479.0
751,,,남자,64002.0,3888.0,4309.0,5450,5972.0,2195.0,1550.0,1325,819.0,294.0,80.0,12,9.0,19619.0,6284.0
752,,,여자,59197.0,3880.0,3679.0,4351,4921.0,2254.0,2129.0,2230,1529.0,682.0,278.0,59,34.0,16831.0,9195.0
753,,예천군,합계,46166.0,1960.0,1625.0,1879,2236.0,3684.0,3291.0,3711,2729.0,1119.0,391.0,93,25.0,7700.0,15043.0
754,,,남자,22663.0,1112.0,902.0,985,1207.0,1796.0,1427.0,1507,983.0,288.0,96.0,11,3.0,4206.0,6111.0
755,,,여자,23503.0,848.0,723.0,894,1029.0,1888.0,1864.0,2204,1746.0,831.0,295.0,82,22.0,3494.0,8932.0
756,,봉화군,합계,33539.0,1362.0,1082.0,1245,1433.0,2684.0,2373.0,2597,1845.0,821.0,284.0,67,35.0,5122.0,10706.0
757,,,남자,16667.0,774.0,600.0,659,818.0,1329.0,1021.0,1048,667.0,254.0,63.0,8,10.0,2851.0,4400.0
758,,,여자,16872.0,588.0,482.0,586,615.0,1355.0,1352.0,1549,1178.0,567.0,221.0,59,25.0,2271.0,6306.0
759,,울진군,합계,51738.0,2633.0,2212.0,2329,3015.0,3050.0,2979.0,3004,2131.0,1053.0,369.0,67,12.0,10189.0,12665.0
760,,,남자,25847.0,1527.0,1296.0,1277,1591.0,1501.0,1257.0,1115,664.0,233.0,59.0,11,2.0,5691.0,4842.0
761,,,여자,25891.0,1106.0,916.0,1052,1424.0,1549.0,1722.0,1889,1467.0,820.0,310.0,56,10.0,4498.0,7823.0
762,,울릉군,합계,10001.0,532.0,515.0,508,560.0,675.0,557.0,425,286.0,133.0,49.0,21,8.0,2115.0,2154.0
763,,,남자,5430.0,317.0,311.0,290,334.0,344.0,259.0,182,117.0,40.0,17.0,3,4.0,1252.0,966.0
764,,,여자,4571.0,215.0,204.0,218,226.0,331.0,298.0,243,169.0,93.0,32.0,18,4.0,863.0,1188.0
766,,,남자,1699219.0,121582.0,97353.0,110068,132603.0,72692.0,50324.0,39052,21428.0,7522.0,1900.0,349,105.0,461606.0,193372.0
767,,,여자,1674652.0,97158.0,81275.0,100140,123436.0,77682.0,65016.0,63971,46480.0,23807.0,7894.0,1522,534.0,402009.0,286906.0
768,,창원시,합계,1063907.0,76573.0,65329.0,71441,82948.0,42786.0,28972.0,22636,13989.0,6325.0,1988.0,359,153.0,296291.0,117208.0
769,,,남자,540073.0,42428.0,35878.0,37958,42882.0,21127.0,13286.0,9004,4527.0,1499.0,383.0,58,31.0,159146.0,49915.0
770,,,여자,523834.0,34145.0,29451.0,33483,40066.0,21659.0,15686.0,13632,9462.0,4826.0,1605.0,301,122.0,137145.0,67293.0
771,,의창구,합계,252435.0,20445.0,16522.0,17084,18705.0,9188.0,5904.0,4674,3137.0,1390.0,445.0,77,31.0,72756.0,24846.0
772,,,남자,128719.0,11369.0,9037.0,9061,9775.0,4765.0,2771.0,1781,995.0,300.0,84.0,12,4.0,39242.0,10712.0
773,,,여자,123716.0,9076.0,7485.0,8023,8930.0,4423.0,3133.0,2893,2142.0,1090.0,361.0,65,27.0,33514.0,14134.0
774,,성산구,합계,231571.0,19748.0,17077.0,15902,16850.0,5311.0,3013.0,2372,1696.0,825.0,276.0,35,15.0,69577.0,13543.0
775,,,남자,118468.0,10989.0,9480.0,8533,8362.0,2806.0,1383.0,856,450.0,171.0,50.0,6,4.0,37364.0,5726.0
776,,,여자,113103.0,8759.0,7597.0,7369,8488.0,2505.0,1630.0,1516,1246.0,654.0,226.0,29,11.0,32213.0,7817.0
777,,마산합포구,합계,181797.0,11615.0,9802.0,11574,13345.0,10537.0,7640.0,6140,3695.0,1798.0,548.0,108,59.0,46336.0,30525.0
778,,,남자,90716.0,6290.0,5423.0,6167,7156.0,5028.0,3420.0,2460,1208.0,471.0,112.0,19,14.0,25036.0,12732.0
779,,,여자,91081.0,5325.0,4379.0,5407,6189.0,5509.0,4220.0,3680,2487.0,1327.0,436.0,89,45.0,21300.0,17793.0
780,,마산회원구,합계,210791.0,14515.0,12023.0,12940,15974.0,10450.0,6918.0,5026,2760.0,1136.0,342.0,64,31.0,55452.0,26727.0
781,,,남자,106469.0,8041.0,6508.0,6917,8183.0,4976.0,3257.0,2116,951.0,251.0,60.0,10,5.0,29649.0,11626.0
782,,,여자,104322.0,6474.0,5515.0,6023,7791.0,5474.0,3661.0,2910,1809.0,885.0,282.0,54,26.0,25803.0,15101.0
783,,진해구,합계,187313.0,10250.0,9905.0,13941,18074.0,7300.0,5497.0,4424,2701.0,1176.0,377.0,75,17.0,52170.0,21567.0
784,,,남자,95701.0,5739.0,5430.0,7280,9406.0,3552.0,2455.0,1791,923.0,306.0,77.0,11,4.0,27855.0,9119.0
785,,,여자,91612.0,4511.0,4475.0,6661,8668.0,3748.0,3042.0,2633,1778.0,870.0,300.0,64,13.0,24315.0,12448.0
786,,진주시,합계,346739.0,24891.0,19314.0,20673,24827.0,15667.0,12179.0,10444,6651.0,3104.0,991.0,213,69.0,89705.0,49318.0
787,,,남자,171855.0,13800.0,10613.0,10440,12409.0,7352.0,5389.0,4021,2015.0,697.0,201.0,50,14.0,47262.0,19739.0
788,,,여자,174884.0,11091.0,8701.0,10233,12418.0,8315.0,6790.0,6423,4636.0,2407.0,790.0,163,55.0,42443.0,29579.0
789,,통영시,합계,138160.0,7318.0,6086.0,8527,11266.0,7113.0,5242.0,4245,2642.0,1206.0,360.0,61,26.0,33197.0,20895.0
790,,,남자,69769.0,4047.0,3182.0,4457,6033.0,3508.0,2326.0,1610,860.0,295.0,55.0,10,7.0,17719.0,8671.0
791,,,여자,68391.0,3271.0,2904.0,4070,5233.0,3605.0,2916.0,2635,1782.0,911.0,305.0,51,19.0,15478.0,12224.0
792,,사천시,합계,114912.0,6288.0,5102.0,6503,8610.0,6368.0,5167.0,4723,3174.0,1442.0,502.0,96,30.0,26503.0,21502.0
793,,,남자,57698.0,3719.0,2975.0,3453,4434.0,2984.0,2167.0,1812,986.0,310.0,74.0,16,4.0,14581.0,8353.0
794,,,여자,57214.0,2569.0,2127.0,3050,4176.0,3384.0,3000.0,2911,2188.0,1132.0,428.0,80,26.0,11922.0,13149.0
795,,김해시,합계,529422.0,37836.0,27772.0,33161,44320.0,16624.0,12100.0,9799,5905.0,2596.0,734.0,160,57.0,143089.0,47975.0
796,,,남자,267513.0,20568.0,14750.0,16831,22091.0,7845.0,5320.0,3642,1817.0,612.0,139.0,31,13.0,74240.0,19419.0
797,,,여자,261909.0,17268.0,13022.0,16330,22229.0,8779.0,6780.0,6157,4088.0,1984.0,595.0,129,44.0,68849.0,28556.0
798,,밀양시,합계,108354.0,5963.0,4458.0,5060,5890.0,7573.0,6090.0,5674,3968.0,1696.0,483.0,92,35.0,21371.0,25611.0
799,,,남자,52992.0,3509.0,2482.0,2668,3065.0,3529.0,2633.0,2045,1275.0,438.0,95.0,18,1.0,11724.0,10034.0
800,,,여자,55362.0,2454.0,1976.0,2392,2825.0,4044.0,3457.0,3629,2693.0,1258.0,388.0,74,34.0,9647.0,15577.0
801,,거제시,합계,257183.0,14340.0,14256.0,22957,25936.0,7234.0,4852.0,4005,2855.0,1397.0,473.0,84,32.0,77489.0,20932.0
802,,,남자,135738.0,8064.0,7789.0,12492,14400.0,3797.0,2177.0,1510,855.0,280.0,80.0,15,5.0,42745.0,8719.0
803,,,여자,121445.0,6276.0,6467.0,10465,11536.0,3437.0,2675.0,2495,2000.0,1117.0,393.0,69,27.0,34744.0,12213.0
804,,양산시,합계,317037.0,20532.0,17697.0,21854,27768.0,12177.0,9113.0,7155,4132.0,1793.0,613.0,101,47.0,87851.0,35131.0
805,,,남자,159503.0,11133.0,9271.0,11111,14131.0,5838.0,4063.0,2819,1491.0,481.0,130.0,19,5.0,45646.0,14846.0
806,,,여자,157534.0,9399.0,8426.0,10743,13637.0,6339.0,5050.0,4336,2641.0,1312.0,483.0,82,42.0,42205.0,20285.0
807,,의령군,합계,28111.0,1269.0,1010.0,990,1238.0,2106.0,2001.0,2353,1827.0,873.0,237.0,44,9.0,4507.0,9450.0
808,,,남자,13562.0,700.0,536.0,509,693.0,1010.0,779.0,842,533.0,205.0,60.0,10,0.0,2438.0,3439.0
809,,,여자,14549.0,569.0,474.0,481,545.0,1096.0,1222.0,1511,1294.0,668.0,177.0,34,9.0,2069.0,6011.0
810,,함안군,합계,68937.0,3715.0,2835.0,3412,4520.0,3898.0,3192.0,3266,2267.0,1016.0,264.0,55,6.0,14482.0,13964.0
811,,,남자,34819.0,2089.0,1507.0,1755,2384.0,1963.0,1348.0,1199,688.0,231.0,59.0,11,1.0,7735.0,5500.0
812,,,여자,34118.0,1626.0,1328.0,1657,2136.0,1935.0,1844.0,2067,1579.0,785.0,205.0,44,5.0,6747.0,8464.0
813,,창녕군,합계,63982.0,3279.0,2721.0,2863,3309.0,4498.0,3981.0,4202,2813.0,1261.0,321.0,54,19.0,12172.0,17149.0
814,,,남자,31735.0,1922.0,1591.0,1548,1820.0,2174.0,1639.0,1500,876.0,283.0,56.0,12,0.0,6881.0,6540.0
815,,,여자,32247.0,1357.0,1130.0,1315,1489.0,2324.0,2342.0,2702,1937.0,978.0,265.0,42,19.0,5291.0,10609.0
816,,고성군,합계,54703.0,2672.0,1989.0,2582,3102.0,3828.0,3282.0,3268,2459.0,1179.0,363.0,66,17.0,10345.0,14462.0
817,,,남자,27452.0,1538.0,1117.0,1442,1762.0,1880.0,1398.0,1222,804.0,282.0,63.0,13,3.0,5859.0,5665.0
818,,,여자,27251.0,1134.0,872.0,1140,1340.0,1948.0,1884.0,2046,1655.0,897.0,300.0,53,14.0,4486.0,8797.0
819,,남해군,합계,45129.0,2130.0,1454.0,1336,1727.0,3669.0,3356.0,3644,2816.0,1538.0,559.0,91,19.0,6647.0,15692.0
820,,,남자,21566.0,1273.0,827.0,723,892.0,1753.0,1439.0,1358,874.0,361.0,88.0,12,0.0,3715.0,5885.0
821,,,여자,23563.0,857.0,627.0,613,835.0,1916.0,1917.0,2286,1942.0,1177.0,471.0,79,19.0,2932.0,9807.0
822,,하동군,합계,49622.0,2642.0,2006.0,1808,2118.0,3569.0,3239.0,3451,2464.0,1285.0,407.0,80,19.0,8574.0,14514.0
823,,,남자,24463.0,1521.0,1152.0,975,1147.0,1698.0,1356.0,1266,765.0,337.0,81.0,18,2.0,4795.0,5523.0
824,,,여자,25159.0,1121.0,854.0,833,971.0,1871.0,1883.0,2185,1699.0,948.0,326.0,62,17.0,3779.0,8991.0
825,,산청군,합계,36098.0,1591.0,1249.0,1273,1448.0,2712.0,2652.0,2870,2059.0,953.0,314.0,63,15.0,5561.0,11638.0
826,,,남자,17666.0,907.0,689.0,681,823.0,1370.0,1085.0,1031,642.0,249.0,69.0,10,2.0,3100.0,4458.0
827,,,여자,18432.0,684.0,560.0,592,625.0,1342.0,1567.0,1839,1417.0,704.0,245.0,53,13.0,2461.0,7180.0
828,,함양군,합계,40241.0,1943.0,1332.0,1453,1792.0,2869.0,2712.0,3124,2063.0,1050.0,360.0,64,32.0,6520.0,12274.0
829,,,남자,19244.0,1077.0,717.0,765,939.0,1321.0,1041.0,1197,617.0,248.0,96.0,10,8.0,3498.0,4538.0
830,,,여자,20997.0,866.0,615.0,688,853.0,1548.0,1671.0,1927,1446.0,802.0,264.0,54,24.0,3022.0,7736.0
831,,거창군,합계,63308.0,3701.0,2478.0,2677,3277.0,3792.0,3493.0,3815,2682.0,1269.0,416.0,98,26.0,12133.0,15591.0
832,,,남자,30746.0,2108.0,1399.0,1379,1638.0,1731.0,1394.0,1448,865.0,358.0,91.0,22,7.0,6524.0,5916.0
833,,,여자,32562.0,1593.0,1079.0,1298,1639.0,2061.0,2099.0,2367,1817.0,911.0,325.0,76,19.0,5609.0,9675.0
834,,합천군,합계,48026.0,2057.0,1540.0,1638,1943.0,3891.0,3717.0,4349,3142.0,1346.0,409.0,90,28.0,7178.0,16972.0
835,,,남자,22825.0,1179.0,878.0,881,1060.0,1812.0,1484.0,1526,938.0,356.0,80.0,14,2.0,3998.0,6212.0
836,,,여자,25201.0,878.0,662.0,757,883.0,2079.0,2233.0,2823,2204.0,990.0,329.0,76,26.0,3180.0,10760.0
838,,,남자,322545.0,22977.0,17365.0,19777,24432.0,12711.0,10223.0,7552,4231.0,1224.0,329.0,82,26.0,84551.0,36378.0
839,,,여자,319052.0,20166.0,16065.0,19114,23586.0,13714.0,11896.0,11023,8676.0,4607.0,2017.0,673,205.0,78931.0,52811.0
840,,제주시,합계,470665.0,32638.0,25363.0,29771,36412.0,17739.0,14659.0,12119,8386.0,3976.0,1613.0,513,154.0,124184.0,59159.0
841,,,남자,235977.0,17377.0,13118.0,15084,18350.0,8474.0,6782.0,4941,2737.0,854.0,226.0,53,17.0,63929.0,24084.0
842,,,여자,234688.0,15261.0,12245.0,14687,18062.0,9265.0,7877.0,7178,5649.0,3122.0,1387.0,460,137.0,60255.0,35075.0
843,,서귀포시,합계,170932.0,10505.0,8067.0,9120,11606.0,8686.0,7460.0,6456,4521.0,1855.0,733.0,242,77.0,39298.0,30030.0
844,,,남자,86568.0,5600.0,4247.0,4693,6082.0,4237.0,3441.0,2611,1494.0,370.0,103.0,29,9.0,20622.0,12294.0
845,,,여자,84364.0,4905.0,3820.0,4427,5524.0,4449.0,4019.0,3845,3027.0,1485.0,630.0,213,68.0,18676.0,17736.0
